Path,Split Group,Class Label
/home/amolsingh/gcloud/trainer/data/10frames/3_rounded/amol_deg135_take2/frame78.jpg,train,3_rounded
/home/amolsingh/gcloud/trainer/data/10frames/3_rounded/amol_deg135_take2/frame95.jpg,train,3_rounded
/home/amolsingh/gcloud/trainer/data/10frames/3_rounded/amol_deg135_take2/frame35.jpg,train,3_rounded
/home/amolsingh/gcloud/trainer/data/10frames/3_rounded/amol_deg135_take2/frame68.jpg,train,3_rounded
/home/amolsingh/gcloud/trainer/data/10frames/3_rounded/amol_deg135_take2/frame63.jpg,train,3_rounded
/home/amolsingh/gcloud/trainer/data/10frames/3_rounded/amol_deg135_take2/frame24.jpg,train,3_rounded
/home/amolsingh/gcloud/trainer/data/10frames/3_rounded/amol_deg135_take2/frame76.jpg,train,3_rounded
/home/amolsingh/gcloud/trainer/data/10frames/3_rounded/amol_deg135_take2/frame94.jpg,train,3_rounded
/home/amolsingh/gcloud/trainer/data/10frames/3_rounded/amol_deg135_take2/frame70.jpg,train,3_rounded
/home/amolsingh/gcloud/trainer/data/10frames/3_rounded/amol_deg135_take2/frame88.jpg,train,3_rounded
/home/amolsingh/gcloud/trainer/data/10frames/3_rounded/lance_deg90_take2/frame267.jpg,train,3_rounded
/home/amolsingh/gcloud/trainer/data/10frames/3_rounded/lance_deg90_take2/frame250.jpg,train,3_rounded
/home/amolsingh/gcloud/trainer/data/10frames/3_rounded/lance_deg90_take2/frame187.jpg,train,3_rounded
/home/amolsingh/gcloud/trainer/data/10frames/3_rounded/lance_deg90_take2/frame13.jpg,train,3_rounded
/home/amolsingh/gcloud/trainer/data/10frames/3_rounded/lance_deg90_take2/frame211.jpg,train,3_rounded
/home/amolsingh/gcloud/trainer/data/10frames/3_rounded/lance_deg90_take2/frame152.jpg,train,3_rounded
/home/amolsingh/gcloud/trainer/data/10frames/3_rounded/lance_deg90_take2/frame275.jpg,train,3_rounded
/home/amolsingh/gcloud/trainer/data/10frames/3_rounded/lance_deg90_take2/frame103.jpg,train,3_rounded
/home/amolsingh/gcloud/trainer/data/10frames/3_rounded/lance_deg90_take2/frame70.jpg,train,3_rounded
/home/amolsingh/gcloud/trainer/data/10frames/3_rounded/lance_deg90_take2/frame141.jpg,train,3_rounded
/home/amolsingh/gcloud/trainer/data/10frames/3_rounded/lyron_deg90_take1/frame253.jpg,train,3_rounded
/home/amolsingh/gcloud/trainer/data/10frames/3_rounded/lyron_deg90_take1/frame225.jpg,train,3_rounded
/home/amolsingh/gcloud/trainer/data/10frames/3_rounded/lyron_deg90_take1/frame278.jpg,train,3_rounded
/home/amolsingh/gcloud/trainer/data/10frames/3_rounded/lyron_deg90_take1/frame47.jpg,train,3_rounded
/home/amolsingh/gcloud/trainer/data/10frames/3_rounded/lyron_deg90_take1/frame284.jpg,train,3_rounded
/home/amolsingh/gcloud/trainer/data/10frames/3_rounded/lyron_deg90_take1/frame285.jpg,train,3_rounded
/home/amolsingh/gcloud/trainer/data/10frames/3_rounded/lyron_deg90_take1/frame240.jpg,train,3_rounded
/home/amolsingh/gcloud/trainer/data/10frames/3_rounded/lyron_deg90_take1/frame137.jpg,train,3_rounded
/home/amolsingh/gcloud/trainer/data/10frames/3_rounded/lyron_deg90_take1/frame287.jpg,train,3_rounded
/home/amolsingh/gcloud/trainer/data/10frames/3_rounded/lyron_deg90_take1/frame209.jpg,train,3_rounded
/home/amolsingh/gcloud/trainer/data/10frames/3_rounded/amol_deg45_take1/frame66.jpg,train,3_rounded
/home/amolsingh/gcloud/trainer/data/10frames/3_rounded/amol_deg45_take1/frame107.jpg,train,3_rounded
/home/amolsingh/gcloud/trainer/data/10frames/3_rounded/amol_deg45_take1/frame23.jpg,train,3_rounded
/home/amolsingh/gcloud/trainer/data/10frames/3_rounded/amol_deg45_take1/frame11.jpg,train,3_rounded
/home/amolsingh/gcloud/trainer/data/10frames/3_rounded/amol_deg45_take1/frame55.jpg,train,3_rounded
/home/amolsingh/gcloud/trainer/data/10frames/3_rounded/amol_deg45_take1/frame17.jpg,train,3_rounded
/home/amolsingh/gcloud/trainer/data/10frames/3_rounded/amol_deg45_take1/frame92.jpg,train,3_rounded
/home/amolsingh/gcloud/trainer/data/10frames/3_rounded/amol_deg45_take1/frame68.jpg,train,3_rounded
/home/amolsingh/gcloud/trainer/data/10frames/3_rounded/amol_deg45_take1/frame4.jpg,train,3_rounded
/home/amolsingh/gcloud/trainer/data/10frames/3_rounded/amol_deg45_take1/frame89.jpg,train,3_rounded
/home/amolsingh/gcloud/trainer/data/10frames/3_rounded/lance_deg135_take2/frame8.jpg,train,3_rounded
/home/amolsingh/gcloud/trainer/data/10frames/3_rounded/lance_deg135_take2/frame31.jpg,train,3_rounded
/home/amolsingh/gcloud/trainer/data/10frames/3_rounded/lance_deg135_take2/frame252.jpg,train,3_rounded
/home/amolsingh/gcloud/trainer/data/10frames/3_rounded/lance_deg135_take2/frame23.jpg,train,3_rounded
/home/amolsingh/gcloud/trainer/data/10frames/3_rounded/lance_deg135_take2/frame36.jpg,train,3_rounded
/home/amolsingh/gcloud/trainer/data/10frames/3_rounded/lance_deg135_take2/frame274.jpg,train,3_rounded
/home/amolsingh/gcloud/trainer/data/10frames/3_rounded/lance_deg135_take2/frame44.jpg,train,3_rounded
/home/amolsingh/gcloud/trainer/data/10frames/3_rounded/lance_deg135_take2/frame60.jpg,train,3_rounded
/home/amolsingh/gcloud/trainer/data/10frames/3_rounded/lance_deg135_take2/frame146.jpg,train,3_rounded
/home/amolsingh/gcloud/trainer/data/10frames/3_rounded/lance_deg135_take2/frame48.jpg,train,3_rounded
/home/amolsingh/gcloud/trainer/data/10frames/3_rounded/lyron_deg90_take2/frame80.jpg,train,3_rounded
/home/amolsingh/gcloud/trainer/data/10frames/3_rounded/lyron_deg90_take2/frame132.jpg,train,3_rounded
/home/amolsingh/gcloud/trainer/data/10frames/3_rounded/lyron_deg90_take2/frame1.jpg,train,3_rounded
/home/amolsingh/gcloud/trainer/data/10frames/3_rounded/lyron_deg90_take2/frame95.jpg,train,3_rounded
/home/amolsingh/gcloud/trainer/data/10frames/3_rounded/lyron_deg90_take2/frame66.jpg,train,3_rounded
/home/amolsingh/gcloud/trainer/data/10frames/3_rounded/lyron_deg90_take2/frame215.jpg,train,3_rounded
/home/amolsingh/gcloud/trainer/data/10frames/3_rounded/lyron_deg90_take2/frame35.jpg,train,3_rounded
/home/amolsingh/gcloud/trainer/data/10frames/3_rounded/lyron_deg90_take2/frame209.jpg,train,3_rounded
/home/amolsingh/gcloud/trainer/data/10frames/3_rounded/lyron_deg90_take2/frame254.jpg,train,3_rounded
/home/amolsingh/gcloud/trainer/data/10frames/3_rounded/lyron_deg90_take2/frame202.jpg,train,3_rounded
/home/amolsingh/gcloud/trainer/data/10frames/3_rounded/amol_deg135_take1/frame42.jpg,train,3_rounded
/home/amolsingh/gcloud/trainer/data/10frames/3_rounded/amol_deg135_take1/frame67.jpg,train,3_rounded
/home/amolsingh/gcloud/trainer/data/10frames/3_rounded/amol_deg135_take1/frame33.jpg,train,3_rounded
/home/amolsingh/gcloud/trainer/data/10frames/3_rounded/amol_deg135_take1/frame91.jpg,train,3_rounded
/home/amolsingh/gcloud/trainer/data/10frames/3_rounded/amol_deg135_take1/frame16.jpg,train,3_rounded
/home/amolsingh/gcloud/trainer/data/10frames/3_rounded/amol_deg135_take1/frame102.jpg,train,3_rounded
/home/amolsingh/gcloud/trainer/data/10frames/3_rounded/amol_deg135_take1/frame19.jpg,train,3_rounded
/home/amolsingh/gcloud/trainer/data/10frames/3_rounded/amol_deg135_take1/frame66.jpg,train,3_rounded
/home/amolsingh/gcloud/trainer/data/10frames/3_rounded/amol_deg135_take1/frame39.jpg,train,3_rounded
/home/amolsingh/gcloud/trainer/data/10frames/3_rounded/amol_deg135_take1/frame65.jpg,train,3_rounded
/home/amolsingh/gcloud/trainer/data/10frames/3_rounded/lance_deg45_take1/frame224.jpg,train,3_rounded
/home/amolsingh/gcloud/trainer/data/10frames/3_rounded/lance_deg45_take1/frame145.jpg,train,3_rounded
/home/amolsingh/gcloud/trainer/data/10frames/3_rounded/lance_deg45_take1/frame243.jpg,train,3_rounded
/home/amolsingh/gcloud/trainer/data/10frames/3_rounded/lance_deg45_take1/frame38.jpg,train,3_rounded
/home/amolsingh/gcloud/trainer/data/10frames/3_rounded/lance_deg45_take1/frame141.jpg,train,3_rounded
/home/amolsingh/gcloud/trainer/data/10frames/3_rounded/lance_deg45_take1/frame7.jpg,train,3_rounded
/home/amolsingh/gcloud/trainer/data/10frames/3_rounded/lance_deg45_take1/frame96.jpg,train,3_rounded
/home/amolsingh/gcloud/trainer/data/10frames/3_rounded/lance_deg45_take1/frame204.jpg,train,3_rounded
/home/amolsingh/gcloud/trainer/data/10frames/3_rounded/lance_deg45_take1/frame195.jpg,train,3_rounded
/home/amolsingh/gcloud/trainer/data/10frames/3_rounded/lance_deg45_take1/frame127.jpg,train,3_rounded
/home/amolsingh/gcloud/trainer/data/10frames/3_rounded/lance_deg135_take1/frame36.jpg,train,3_rounded
/home/amolsingh/gcloud/trainer/data/10frames/3_rounded/lance_deg135_take1/frame19.jpg,train,3_rounded
/home/amolsingh/gcloud/trainer/data/10frames/3_rounded/lance_deg135_take1/frame148.jpg,train,3_rounded
/home/amolsingh/gcloud/trainer/data/10frames/3_rounded/lance_deg135_take1/frame149.jpg,train,3_rounded
/home/amolsingh/gcloud/trainer/data/10frames/3_rounded/lance_deg135_take1/frame6.jpg,train,3_rounded
/home/amolsingh/gcloud/trainer/data/10frames/3_rounded/lance_deg135_take1/frame203.jpg,train,3_rounded
/home/amolsingh/gcloud/trainer/data/10frames/3_rounded/lance_deg135_take1/frame118.jpg,train,3_rounded
/home/amolsingh/gcloud/trainer/data/10frames/3_rounded/lance_deg135_take1/frame22.jpg,train,3_rounded
/home/amolsingh/gcloud/trainer/data/10frames/3_rounded/lance_deg135_take1/frame39.jpg,train,3_rounded
/home/amolsingh/gcloud/trainer/data/10frames/3_rounded/lance_deg135_take1/frame24.jpg,train,3_rounded
/home/amolsingh/gcloud/trainer/data/10frames/3_rounded/lyron_deg45_take2/frame40.jpg,train,3_rounded
/home/amolsingh/gcloud/trainer/data/10frames/3_rounded/lyron_deg45_take2/frame252.jpg,train,3_rounded
/home/amolsingh/gcloud/trainer/data/10frames/3_rounded/lyron_deg45_take2/frame45.jpg,train,3_rounded
/home/amolsingh/gcloud/trainer/data/10frames/3_rounded/lyron_deg45_take2/frame304.jpg,train,3_rounded
/home/amolsingh/gcloud/trainer/data/10frames/3_rounded/lyron_deg45_take2/frame33.jpg,train,3_rounded
/home/amolsingh/gcloud/trainer/data/10frames/3_rounded/lyron_deg45_take2/frame240.jpg,train,3_rounded
/home/amolsingh/gcloud/trainer/data/10frames/3_rounded/lyron_deg45_take2/frame266.jpg,train,3_rounded
/home/amolsingh/gcloud/trainer/data/10frames/3_rounded/lyron_deg45_take2/frame48.jpg,train,3_rounded
/home/amolsingh/gcloud/trainer/data/10frames/3_rounded/lyron_deg45_take2/frame100.jpg,train,3_rounded
/home/amolsingh/gcloud/trainer/data/10frames/3_rounded/lyron_deg45_take2/frame68.jpg,train,3_rounded
/home/amolsingh/gcloud/trainer/data/10frames/3_rounded/lyron_deg135_take1/frame201.jpg,train,3_rounded
/home/amolsingh/gcloud/trainer/data/10frames/3_rounded/lyron_deg135_take1/frame88.jpg,train,3_rounded
/home/amolsingh/gcloud/trainer/data/10frames/3_rounded/lyron_deg135_take1/frame79.jpg,train,3_rounded
/home/amolsingh/gcloud/trainer/data/10frames/3_rounded/lyron_deg135_take1/frame178.jpg,train,3_rounded
/home/amolsingh/gcloud/trainer/data/10frames/3_rounded/lyron_deg135_take1/frame230.jpg,train,3_rounded
/home/amolsingh/gcloud/trainer/data/10frames/3_rounded/lyron_deg135_take1/frame136.jpg,train,3_rounded
/home/amolsingh/gcloud/trainer/data/10frames/3_rounded/lyron_deg135_take1/frame130.jpg,train,3_rounded
/home/amolsingh/gcloud/trainer/data/10frames/3_rounded/lyron_deg135_take1/frame206.jpg,train,3_rounded
/home/amolsingh/gcloud/trainer/data/10frames/3_rounded/lyron_deg135_take1/frame15.jpg,train,3_rounded
/home/amolsingh/gcloud/trainer/data/10frames/3_rounded/lyron_deg135_take1/frame240.jpg,train,3_rounded
/home/amolsingh/gcloud/trainer/data/10frames/3_rounded/lyron_deg135_take2/frame241.jpg,val,3_rounded
/home/amolsingh/gcloud/trainer/data/10frames/3_rounded/lyron_deg135_take2/frame208.jpg,val,3_rounded
/home/amolsingh/gcloud/trainer/data/10frames/3_rounded/lyron_deg135_take2/frame259.jpg,val,3_rounded
/home/amolsingh/gcloud/trainer/data/10frames/3_rounded/lyron_deg135_take2/frame9.jpg,val,3_rounded
/home/amolsingh/gcloud/trainer/data/10frames/3_rounded/lyron_deg135_take2/frame21.jpg,val,3_rounded
/home/amolsingh/gcloud/trainer/data/10frames/3_rounded/lyron_deg135_take2/frame84.jpg,val,3_rounded
/home/amolsingh/gcloud/trainer/data/10frames/3_rounded/lyron_deg135_take2/frame38.jpg,val,3_rounded
/home/amolsingh/gcloud/trainer/data/10frames/3_rounded/lyron_deg135_take2/frame253.jpg,val,3_rounded
/home/amolsingh/gcloud/trainer/data/10frames/3_rounded/lyron_deg135_take2/frame73.jpg,val,3_rounded
/home/amolsingh/gcloud/trainer/data/10frames/3_rounded/lyron_deg135_take2/frame142.jpg,val,3_rounded
/home/amolsingh/gcloud/trainer/data/10frames/3_rounded/amol_deg45_take2/frame85.jpg,val,3_rounded
/home/amolsingh/gcloud/trainer/data/10frames/3_rounded/amol_deg45_take2/frame83.jpg,val,3_rounded
/home/amolsingh/gcloud/trainer/data/10frames/3_rounded/amol_deg45_take2/frame81.jpg,val,3_rounded
/home/amolsingh/gcloud/trainer/data/10frames/3_rounded/amol_deg45_take2/frame96.jpg,val,3_rounded
/home/amolsingh/gcloud/trainer/data/10frames/3_rounded/amol_deg45_take2/frame91.jpg,val,3_rounded
/home/amolsingh/gcloud/trainer/data/10frames/3_rounded/amol_deg45_take2/frame9.jpg,val,3_rounded
/home/amolsingh/gcloud/trainer/data/10frames/3_rounded/amol_deg45_take2/frame38.jpg,val,3_rounded
/home/amolsingh/gcloud/trainer/data/10frames/3_rounded/amol_deg45_take2/frame28.jpg,val,3_rounded
/home/amolsingh/gcloud/trainer/data/10frames/3_rounded/amol_deg45_take2/frame60.jpg,val,3_rounded
/home/amolsingh/gcloud/trainer/data/10frames/3_rounded/amol_deg45_take2/frame99.jpg,val,3_rounded
/home/amolsingh/gcloud/trainer/data/10frames/3_rounded/lyron_deg45_take1/frame164.jpg,test,3_rounded
/home/amolsingh/gcloud/trainer/data/10frames/3_rounded/lyron_deg45_take1/frame140.jpg,test,3_rounded
/home/amolsingh/gcloud/trainer/data/10frames/3_rounded/lyron_deg45_take1/frame136.jpg,test,3_rounded
/home/amolsingh/gcloud/trainer/data/10frames/3_rounded/lyron_deg45_take1/frame170.jpg,test,3_rounded
/home/amolsingh/gcloud/trainer/data/10frames/3_rounded/lyron_deg45_take1/frame14.jpg,test,3_rounded
/home/amolsingh/gcloud/trainer/data/10frames/3_rounded/lyron_deg45_take1/frame69.jpg,test,3_rounded
/home/amolsingh/gcloud/trainer/data/10frames/3_rounded/lyron_deg45_take1/frame130.jpg,test,3_rounded
/home/amolsingh/gcloud/trainer/data/10frames/3_rounded/lyron_deg45_take1/frame171.jpg,test,3_rounded
/home/amolsingh/gcloud/trainer/data/10frames/3_rounded/lyron_deg45_take1/frame259.jpg,test,3_rounded
/home/amolsingh/gcloud/trainer/data/10frames/3_rounded/lyron_deg45_take1/frame301.jpg,test,3_rounded
/home/amolsingh/gcloud/trainer/data/10frames/3_rounded/lance_deg45_take2/frame59.jpg,test,3_rounded
/home/amolsingh/gcloud/trainer/data/10frames/3_rounded/lance_deg45_take2/frame155.jpg,test,3_rounded
/home/amolsingh/gcloud/trainer/data/10frames/3_rounded/lance_deg45_take2/frame76.jpg,test,3_rounded
/home/amolsingh/gcloud/trainer/data/10frames/3_rounded/lance_deg45_take2/frame135.jpg,test,3_rounded
/home/amolsingh/gcloud/trainer/data/10frames/3_rounded/lance_deg45_take2/frame109.jpg,test,3_rounded
/home/amolsingh/gcloud/trainer/data/10frames/3_rounded/lance_deg45_take2/frame63.jpg,test,3_rounded
/home/amolsingh/gcloud/trainer/data/10frames/3_rounded/lance_deg45_take2/frame228.jpg,test,3_rounded
/home/amolsingh/gcloud/trainer/data/10frames/3_rounded/lance_deg45_take2/frame38.jpg,test,3_rounded
/home/amolsingh/gcloud/trainer/data/10frames/3_rounded/lance_deg45_take2/frame89.jpg,test,3_rounded
/home/amolsingh/gcloud/trainer/data/10frames/3_rounded/lance_deg45_take2/frame121.jpg,test,3_rounded
/home/amolsingh/gcloud/trainer/data/10frames/3_rounded/amol_deg90_take2/frame19.jpg,test,3_rounded
/home/amolsingh/gcloud/trainer/data/10frames/3_rounded/amol_deg90_take2/frame11.jpg,test,3_rounded
/home/amolsingh/gcloud/trainer/data/10frames/3_rounded/amol_deg90_take2/frame28.jpg,test,3_rounded
/home/amolsingh/gcloud/trainer/data/10frames/3_rounded/amol_deg90_take2/frame94.jpg,test,3_rounded
/home/amolsingh/gcloud/trainer/data/10frames/3_rounded/amol_deg90_take2/frame62.jpg,test,3_rounded
/home/amolsingh/gcloud/trainer/data/10frames/3_rounded/amol_deg90_take2/frame45.jpg,test,3_rounded
/home/amolsingh/gcloud/trainer/data/10frames/3_rounded/amol_deg90_take2/frame38.jpg,test,3_rounded
/home/amolsingh/gcloud/trainer/data/10frames/3_rounded/amol_deg90_take2/frame80.jpg,test,3_rounded
/home/amolsingh/gcloud/trainer/data/10frames/3_rounded/amol_deg90_take2/frame37.jpg,test,3_rounded
/home/amolsingh/gcloud/trainer/data/10frames/3_rounded/amol_deg90_take2/frame57.jpg,test,3_rounded
/home/amolsingh/gcloud/trainer/data/10frames/3_rounded/amol_deg90_take1/frame25.jpg,test,3_rounded
/home/amolsingh/gcloud/trainer/data/10frames/3_rounded/amol_deg90_take1/frame4.jpg,test,3_rounded
/home/amolsingh/gcloud/trainer/data/10frames/3_rounded/amol_deg90_take1/frame55.jpg,test,3_rounded
/home/amolsingh/gcloud/trainer/data/10frames/3_rounded/amol_deg90_take1/frame77.jpg,test,3_rounded
/home/amolsingh/gcloud/trainer/data/10frames/3_rounded/amol_deg90_take1/frame74.jpg,test,3_rounded
/home/amolsingh/gcloud/trainer/data/10frames/3_rounded/amol_deg90_take1/frame73.jpg,test,3_rounded
/home/amolsingh/gcloud/trainer/data/10frames/3_rounded/amol_deg90_take1/frame7.jpg,test,3_rounded
/home/amolsingh/gcloud/trainer/data/10frames/3_rounded/amol_deg90_take1/frame69.jpg,test,3_rounded
/home/amolsingh/gcloud/trainer/data/10frames/3_rounded/amol_deg90_take1/frame20.jpg,test,3_rounded
/home/amolsingh/gcloud/trainer/data/10frames/3_rounded/amol_deg90_take1/frame39.jpg,test,3_rounded
/home/amolsingh/gcloud/trainer/data/10frames/3_rounded/lance_deg90_take1/frame229.jpg,train,3_rounded
/home/amolsingh/gcloud/trainer/data/10frames/3_rounded/lance_deg90_take1/frame230.jpg,train,3_rounded
/home/amolsingh/gcloud/trainer/data/10frames/3_rounded/lance_deg90_take1/frame183.jpg,train,3_rounded
/home/amolsingh/gcloud/trainer/data/10frames/3_rounded/lance_deg90_take1/frame120.jpg,train,3_rounded
/home/amolsingh/gcloud/trainer/data/10frames/3_rounded/lance_deg90_take1/frame41.jpg,train,3_rounded
/home/amolsingh/gcloud/trainer/data/10frames/3_rounded/lance_deg90_take1/frame228.jpg,train,3_rounded
/home/amolsingh/gcloud/trainer/data/10frames/3_rounded/lance_deg90_take1/frame32.jpg,train,3_rounded
/home/amolsingh/gcloud/trainer/data/10frames/3_rounded/lance_deg90_take1/frame135.jpg,train,3_rounded
/home/amolsingh/gcloud/trainer/data/10frames/3_rounded/lance_deg90_take1/frame54.jpg,train,3_rounded
/home/amolsingh/gcloud/trainer/data/10frames/3_rounded/lance_deg90_take1/frame15.jpg,train,3_rounded
/home/amolsingh/gcloud/trainer/data/10frames/2_squat/amol_deg135_take2/frame29.jpg,train,2_squat
/home/amolsingh/gcloud/trainer/data/10frames/2_squat/amol_deg135_take2/frame1.jpg,train,2_squat
/home/amolsingh/gcloud/trainer/data/10frames/2_squat/amol_deg135_take2/frame18.jpg,train,2_squat
/home/amolsingh/gcloud/trainer/data/10frames/2_squat/amol_deg135_take2/frame54.jpg,train,2_squat
/home/amolsingh/gcloud/trainer/data/10frames/2_squat/amol_deg135_take2/frame25.jpg,train,2_squat
/home/amolsingh/gcloud/trainer/data/10frames/2_squat/amol_deg135_take2/frame10.jpg,train,2_squat
/home/amolsingh/gcloud/trainer/data/10frames/2_squat/amol_deg135_take2/frame49.jpg,train,2_squat
/home/amolsingh/gcloud/trainer/data/10frames/2_squat/amol_deg135_take2/frame13.jpg,train,2_squat
/home/amolsingh/gcloud/trainer/data/10frames/2_squat/amol_deg135_take2/frame45.jpg,train,2_squat
/home/amolsingh/gcloud/trainer/data/10frames/2_squat/amol_deg135_take2/frame12.jpg,train,2_squat
/home/amolsingh/gcloud/trainer/data/10frames/2_squat/lance_deg90_take2/frame211.jpg,train,2_squat
/home/amolsingh/gcloud/trainer/data/10frames/2_squat/lance_deg90_take2/frame16.jpg,train,2_squat
/home/amolsingh/gcloud/trainer/data/10frames/2_squat/lance_deg90_take2/frame208.jpg,train,2_squat
/home/amolsingh/gcloud/trainer/data/10frames/2_squat/lance_deg90_take2/frame10.jpg,train,2_squat
/home/amolsingh/gcloud/trainer/data/10frames/2_squat/lance_deg90_take2/frame163.jpg,train,2_squat
/home/amolsingh/gcloud/trainer/data/10frames/2_squat/lance_deg90_take2/frame81.jpg,train,2_squat
/home/amolsingh/gcloud/trainer/data/10frames/2_squat/lance_deg90_take2/frame176.jpg,train,2_squat
/home/amolsingh/gcloud/trainer/data/10frames/2_squat/lance_deg90_take2/frame17.jpg,train,2_squat
/home/amolsingh/gcloud/trainer/data/10frames/2_squat/lance_deg90_take2/frame188.jpg,train,2_squat
/home/amolsingh/gcloud/trainer/data/10frames/2_squat/lance_deg90_take2/frame209.jpg,train,2_squat
/home/amolsingh/gcloud/trainer/data/10frames/2_squat/lyron_deg90_take1/frame170.jpg,train,2_squat
/home/amolsingh/gcloud/trainer/data/10frames/2_squat/lyron_deg90_take1/frame155.jpg,train,2_squat
/home/amolsingh/gcloud/trainer/data/10frames/2_squat/lyron_deg90_take1/frame15.jpg,train,2_squat
/home/amolsingh/gcloud/trainer/data/10frames/2_squat/lyron_deg90_take1/frame167.jpg,train,2_squat
/home/amolsingh/gcloud/trainer/data/10frames/2_squat/lyron_deg90_take1/frame23.jpg,train,2_squat
/home/amolsingh/gcloud/trainer/data/10frames/2_squat/lyron_deg90_take1/frame164.jpg,train,2_squat
/home/amolsingh/gcloud/trainer/data/10frames/2_squat/lyron_deg90_take1/frame101.jpg,train,2_squat
/home/amolsingh/gcloud/trainer/data/10frames/2_squat/lyron_deg90_take1/frame54.jpg,train,2_squat
/home/amolsingh/gcloud/trainer/data/10frames/2_squat/lyron_deg90_take1/frame60.jpg,train,2_squat
/home/amolsingh/gcloud/trainer/data/10frames/2_squat/lyron_deg90_take1/frame154.jpg,train,2_squat
/home/amolsingh/gcloud/trainer/data/10frames/2_squat/amol_deg45_take1/frame68.jpg,train,2_squat
/home/amolsingh/gcloud/trainer/data/10frames/2_squat/amol_deg45_take1/frame5.jpg,train,2_squat
/home/amolsingh/gcloud/trainer/data/10frames/2_squat/amol_deg45_take1/frame72.jpg,train,2_squat
/home/amolsingh/gcloud/trainer/data/10frames/2_squat/amol_deg45_take1/frame31.jpg,train,2_squat
/home/amolsingh/gcloud/trainer/data/10frames/2_squat/amol_deg45_take1/frame41.jpg,train,2_squat
/home/amolsingh/gcloud/trainer/data/10frames/2_squat/amol_deg45_take1/frame14.jpg,train,2_squat
/home/amolsingh/gcloud/trainer/data/10frames/2_squat/amol_deg45_take1/frame46.jpg,train,2_squat
/home/amolsingh/gcloud/trainer/data/10frames/2_squat/amol_deg45_take1/frame54.jpg,train,2_squat
/home/amolsingh/gcloud/trainer/data/10frames/2_squat/amol_deg45_take1/frame57.jpg,train,2_squat
/home/amolsingh/gcloud/trainer/data/10frames/2_squat/amol_deg45_take1/frame47.jpg,train,2_squat
/home/amolsingh/gcloud/trainer/data/10frames/2_squat/lance_deg135_take2/frame87.jpg,train,2_squat
/home/amolsingh/gcloud/trainer/data/10frames/2_squat/lance_deg135_take2/frame2.jpg,train,2_squat
/home/amolsingh/gcloud/trainer/data/10frames/2_squat/lance_deg135_take2/frame209.jpg,train,2_squat
/home/amolsingh/gcloud/trainer/data/10frames/2_squat/lance_deg135_take2/frame194.jpg,train,2_squat
/home/amolsingh/gcloud/trainer/data/10frames/2_squat/lance_deg135_take2/frame139.jpg,train,2_squat
/home/amolsingh/gcloud/trainer/data/10frames/2_squat/lance_deg135_take2/frame27.jpg,train,2_squat
/home/amolsingh/gcloud/trainer/data/10frames/2_squat/lance_deg135_take2/frame146.jpg,train,2_squat
/home/amolsingh/gcloud/trainer/data/10frames/2_squat/lance_deg135_take2/frame47.jpg,train,2_squat
/home/amolsingh/gcloud/trainer/data/10frames/2_squat/lance_deg135_take2/frame200.jpg,train,2_squat
/home/amolsingh/gcloud/trainer/data/10frames/2_squat/lance_deg135_take2/frame81.jpg,train,2_squat
/home/amolsingh/gcloud/trainer/data/10frames/2_squat/lyron_deg90_take2/frame56.jpg,train,2_squat
/home/amolsingh/gcloud/trainer/data/10frames/2_squat/lyron_deg90_take2/frame192.jpg,train,2_squat
/home/amolsingh/gcloud/trainer/data/10frames/2_squat/lyron_deg90_take2/frame109.jpg,train,2_squat
/home/amolsingh/gcloud/trainer/data/10frames/2_squat/lyron_deg90_take2/frame20.jpg,train,2_squat
/home/amolsingh/gcloud/trainer/data/10frames/2_squat/lyron_deg90_take2/frame167.jpg,train,2_squat
/home/amolsingh/gcloud/trainer/data/10frames/2_squat/lyron_deg90_take2/frame125.jpg,train,2_squat
/home/amolsingh/gcloud/trainer/data/10frames/2_squat/lyron_deg90_take2/frame76.jpg,train,2_squat
/home/amolsingh/gcloud/trainer/data/10frames/2_squat/lyron_deg90_take2/frame150.jpg,train,2_squat
/home/amolsingh/gcloud/trainer/data/10frames/2_squat/lyron_deg90_take2/frame91.jpg,train,2_squat
/home/amolsingh/gcloud/trainer/data/10frames/2_squat/lyron_deg90_take2/frame90.jpg,train,2_squat
/home/amolsingh/gcloud/trainer/data/10frames/2_squat/amol_deg135_take1/frame0.jpg,train,2_squat
/home/amolsingh/gcloud/trainer/data/10frames/2_squat/amol_deg135_take1/frame25.jpg,train,2_squat
/home/amolsingh/gcloud/trainer/data/10frames/2_squat/amol_deg135_take1/frame28.jpg,train,2_squat
/home/amolsingh/gcloud/trainer/data/10frames/2_squat/amol_deg135_take1/frame17.jpg,train,2_squat
/home/amolsingh/gcloud/trainer/data/10frames/2_squat/amol_deg135_take1/frame43.jpg,train,2_squat
/home/amolsingh/gcloud/trainer/data/10frames/2_squat/amol_deg135_take1/frame6.jpg,train,2_squat
/home/amolsingh/gcloud/trainer/data/10frames/2_squat/amol_deg135_take1/frame47.jpg,train,2_squat
/home/amolsingh/gcloud/trainer/data/10frames/2_squat/amol_deg135_take1/frame36.jpg,train,2_squat
/home/amolsingh/gcloud/trainer/data/10frames/2_squat/amol_deg135_take1/frame14.jpg,train,2_squat
/home/amolsingh/gcloud/trainer/data/10frames/2_squat/amol_deg135_take1/frame48.jpg,train,2_squat
/home/amolsingh/gcloud/trainer/data/10frames/2_squat/lance_deg45_take1/frame53.jpg,train,2_squat
/home/amolsingh/gcloud/trainer/data/10frames/2_squat/lance_deg45_take1/frame209.jpg,train,2_squat
/home/amolsingh/gcloud/trainer/data/10frames/2_squat/lance_deg45_take1/frame241.jpg,train,2_squat
/home/amolsingh/gcloud/trainer/data/10frames/2_squat/lance_deg45_take1/frame208.jpg,train,2_squat
/home/amolsingh/gcloud/trainer/data/10frames/2_squat/lance_deg45_take1/frame256.jpg,train,2_squat
/home/amolsingh/gcloud/trainer/data/10frames/2_squat/lance_deg45_take1/frame56.jpg,train,2_squat
/home/amolsingh/gcloud/trainer/data/10frames/2_squat/lance_deg45_take1/frame172.jpg,train,2_squat
/home/amolsingh/gcloud/trainer/data/10frames/2_squat/lance_deg45_take1/frame251.jpg,train,2_squat
/home/amolsingh/gcloud/trainer/data/10frames/2_squat/lance_deg45_take1/frame220.jpg,train,2_squat
/home/amolsingh/gcloud/trainer/data/10frames/2_squat/lance_deg45_take1/frame74.jpg,train,2_squat
/home/amolsingh/gcloud/trainer/data/10frames/2_squat/lance_deg135_take1/frame44.jpg,train,2_squat
/home/amolsingh/gcloud/trainer/data/10frames/2_squat/lance_deg135_take1/frame162.jpg,train,2_squat
/home/amolsingh/gcloud/trainer/data/10frames/2_squat/lance_deg135_take1/frame174.jpg,train,2_squat
/home/amolsingh/gcloud/trainer/data/10frames/2_squat/lance_deg135_take1/frame43.jpg,train,2_squat
/home/amolsingh/gcloud/trainer/data/10frames/2_squat/lance_deg135_take1/frame138.jpg,train,2_squat
/home/amolsingh/gcloud/trainer/data/10frames/2_squat/lance_deg135_take1/frame0.jpg,train,2_squat
/home/amolsingh/gcloud/trainer/data/10frames/2_squat/lance_deg135_take1/frame39.jpg,train,2_squat
/home/amolsingh/gcloud/trainer/data/10frames/2_squat/lance_deg135_take1/frame198.jpg,train,2_squat
/home/amolsingh/gcloud/trainer/data/10frames/2_squat/lance_deg135_take1/frame181.jpg,train,2_squat
/home/amolsingh/gcloud/trainer/data/10frames/2_squat/lance_deg135_take1/frame193.jpg,train,2_squat
/home/amolsingh/gcloud/trainer/data/10frames/2_squat/lyron_deg45_take2/frame134.jpg,train,2_squat
/home/amolsingh/gcloud/trainer/data/10frames/2_squat/lyron_deg45_take2/frame72.jpg,train,2_squat
/home/amolsingh/gcloud/trainer/data/10frames/2_squat/lyron_deg45_take2/frame107.jpg,train,2_squat
/home/amolsingh/gcloud/trainer/data/10frames/2_squat/lyron_deg45_take2/frame181.jpg,train,2_squat
/home/amolsingh/gcloud/trainer/data/10frames/2_squat/lyron_deg45_take2/frame127.jpg,train,2_squat
/home/amolsingh/gcloud/trainer/data/10frames/2_squat/lyron_deg45_take2/frame131.jpg,train,2_squat
/home/amolsingh/gcloud/trainer/data/10frames/2_squat/lyron_deg45_take2/frame135.jpg,train,2_squat
/home/amolsingh/gcloud/trainer/data/10frames/2_squat/lyron_deg45_take2/frame157.jpg,train,2_squat
/home/amolsingh/gcloud/trainer/data/10frames/2_squat/lyron_deg45_take2/frame176.jpg,train,2_squat
/home/amolsingh/gcloud/trainer/data/10frames/2_squat/lyron_deg45_take2/frame182.jpg,train,2_squat
/home/amolsingh/gcloud/trainer/data/10frames/2_squat/lyron_deg135_take1/frame31.jpg,train,2_squat
/home/amolsingh/gcloud/trainer/data/10frames/2_squat/lyron_deg135_take1/frame47.jpg,train,2_squat
/home/amolsingh/gcloud/trainer/data/10frames/2_squat/lyron_deg135_take1/frame85.jpg,train,2_squat
/home/amolsingh/gcloud/trainer/data/10frames/2_squat/lyron_deg135_take1/frame66.jpg,train,2_squat
/home/amolsingh/gcloud/trainer/data/10frames/2_squat/lyron_deg135_take1/frame166.jpg,train,2_squat
/home/amolsingh/gcloud/trainer/data/10frames/2_squat/lyron_deg135_take1/frame142.jpg,train,2_squat
/home/amolsingh/gcloud/trainer/data/10frames/2_squat/lyron_deg135_take1/frame35.jpg,train,2_squat
/home/amolsingh/gcloud/trainer/data/10frames/2_squat/lyron_deg135_take1/frame105.jpg,train,2_squat
/home/amolsingh/gcloud/trainer/data/10frames/2_squat/lyron_deg135_take1/frame55.jpg,train,2_squat
/home/amolsingh/gcloud/trainer/data/10frames/2_squat/lyron_deg135_take1/frame64.jpg,train,2_squat
/home/amolsingh/gcloud/trainer/data/10frames/2_squat/lyron_deg135_take2/frame38.jpg,val,2_squat
/home/amolsingh/gcloud/trainer/data/10frames/2_squat/lyron_deg135_take2/frame72.jpg,val,2_squat
/home/amolsingh/gcloud/trainer/data/10frames/2_squat/lyron_deg135_take2/frame89.jpg,val,2_squat
/home/amolsingh/gcloud/trainer/data/10frames/2_squat/lyron_deg135_take2/frame61.jpg,val,2_squat
/home/amolsingh/gcloud/trainer/data/10frames/2_squat/lyron_deg135_take2/frame94.jpg,val,2_squat
/home/amolsingh/gcloud/trainer/data/10frames/2_squat/lyron_deg135_take2/frame2.jpg,val,2_squat
/home/amolsingh/gcloud/trainer/data/10frames/2_squat/lyron_deg135_take2/frame186.jpg,val,2_squat
/home/amolsingh/gcloud/trainer/data/10frames/2_squat/lyron_deg135_take2/frame98.jpg,val,2_squat
/home/amolsingh/gcloud/trainer/data/10frames/2_squat/lyron_deg135_take2/frame154.jpg,val,2_squat
/home/amolsingh/gcloud/trainer/data/10frames/2_squat/lyron_deg135_take2/frame183.jpg,val,2_squat
/home/amolsingh/gcloud/trainer/data/10frames/2_squat/amol_deg45_take2/frame5.jpg,val,2_squat
/home/amolsingh/gcloud/trainer/data/10frames/2_squat/amol_deg45_take2/frame29.jpg,val,2_squat
/home/amolsingh/gcloud/trainer/data/10frames/2_squat/amol_deg45_take2/frame24.jpg,val,2_squat
/home/amolsingh/gcloud/trainer/data/10frames/2_squat/amol_deg45_take2/frame69.jpg,val,2_squat
/home/amolsingh/gcloud/trainer/data/10frames/2_squat/amol_deg45_take2/frame62.jpg,val,2_squat
/home/amolsingh/gcloud/trainer/data/10frames/2_squat/amol_deg45_take2/frame26.jpg,val,2_squat
/home/amolsingh/gcloud/trainer/data/10frames/2_squat/amol_deg45_take2/frame74.jpg,val,2_squat
/home/amolsingh/gcloud/trainer/data/10frames/2_squat/amol_deg45_take2/frame77.jpg,val,2_squat
/home/amolsingh/gcloud/trainer/data/10frames/2_squat/amol_deg45_take2/frame35.jpg,val,2_squat
/home/amolsingh/gcloud/trainer/data/10frames/2_squat/amol_deg45_take2/frame80.jpg,val,2_squat
/home/amolsingh/gcloud/trainer/data/10frames/2_squat/lyron_deg45_take1/frame16.jpg,test,2_squat
/home/amolsingh/gcloud/trainer/data/10frames/2_squat/lyron_deg45_take1/frame58.jpg,test,2_squat
/home/amolsingh/gcloud/trainer/data/10frames/2_squat/lyron_deg45_take1/frame128.jpg,test,2_squat
/home/amolsingh/gcloud/trainer/data/10frames/2_squat/lyron_deg45_take1/frame76.jpg,test,2_squat
/home/amolsingh/gcloud/trainer/data/10frames/2_squat/lyron_deg45_take1/frame74.jpg,test,2_squat
/home/amolsingh/gcloud/trainer/data/10frames/2_squat/lyron_deg45_take1/frame184.jpg,test,2_squat
/home/amolsingh/gcloud/trainer/data/10frames/2_squat/lyron_deg45_take1/frame2.jpg,test,2_squat
/home/amolsingh/gcloud/trainer/data/10frames/2_squat/lyron_deg45_take1/frame191.jpg,test,2_squat
/home/amolsingh/gcloud/trainer/data/10frames/2_squat/lyron_deg45_take1/frame135.jpg,test,2_squat
/home/amolsingh/gcloud/trainer/data/10frames/2_squat/lyron_deg45_take1/frame27.jpg,test,2_squat
/home/amolsingh/gcloud/trainer/data/10frames/2_squat/lance_deg45_take2/frame150.jpg,test,2_squat
/home/amolsingh/gcloud/trainer/data/10frames/2_squat/lance_deg45_take2/frame93.jpg,test,2_squat
/home/amolsingh/gcloud/trainer/data/10frames/2_squat/lance_deg45_take2/frame146.jpg,test,2_squat
/home/amolsingh/gcloud/trainer/data/10frames/2_squat/lance_deg45_take2/frame66.jpg,test,2_squat
/home/amolsingh/gcloud/trainer/data/10frames/2_squat/lance_deg45_take2/frame112.jpg,test,2_squat
/home/amolsingh/gcloud/trainer/data/10frames/2_squat/lance_deg45_take2/frame201.jpg,test,2_squat
/home/amolsingh/gcloud/trainer/data/10frames/2_squat/lance_deg45_take2/frame81.jpg,test,2_squat
/home/amolsingh/gcloud/trainer/data/10frames/2_squat/lance_deg45_take2/frame61.jpg,test,2_squat
/home/amolsingh/gcloud/trainer/data/10frames/2_squat/lance_deg45_take2/frame233.jpg,test,2_squat
/home/amolsingh/gcloud/trainer/data/10frames/2_squat/lance_deg45_take2/frame203.jpg,test,2_squat
/home/amolsingh/gcloud/trainer/data/10frames/2_squat/amol_deg90_take2/frame5.jpg,test,2_squat
/home/amolsingh/gcloud/trainer/data/10frames/2_squat/amol_deg90_take2/frame53.jpg,test,2_squat
/home/amolsingh/gcloud/trainer/data/10frames/2_squat/amol_deg90_take2/frame11.jpg,test,2_squat
/home/amolsingh/gcloud/trainer/data/10frames/2_squat/amol_deg90_take2/frame0.jpg,test,2_squat
/home/amolsingh/gcloud/trainer/data/10frames/2_squat/amol_deg90_take2/frame10.jpg,test,2_squat
/home/amolsingh/gcloud/trainer/data/10frames/2_squat/amol_deg90_take2/frame28.jpg,test,2_squat
/home/amolsingh/gcloud/trainer/data/10frames/2_squat/amol_deg90_take2/frame3.jpg,test,2_squat
/home/amolsingh/gcloud/trainer/data/10frames/2_squat/amol_deg90_take2/frame35.jpg,test,2_squat
/home/amolsingh/gcloud/trainer/data/10frames/2_squat/amol_deg90_take2/frame21.jpg,test,2_squat
/home/amolsingh/gcloud/trainer/data/10frames/2_squat/amol_deg90_take2/frame8.jpg,test,2_squat
/home/amolsingh/gcloud/trainer/data/10frames/2_squat/amol_deg90_take1/frame70.jpg,test,2_squat
/home/amolsingh/gcloud/trainer/data/10frames/2_squat/amol_deg90_take1/frame43.jpg,test,2_squat
/home/amolsingh/gcloud/trainer/data/10frames/2_squat/amol_deg90_take1/frame45.jpg,test,2_squat
/home/amolsingh/gcloud/trainer/data/10frames/2_squat/amol_deg90_take1/frame72.jpg,test,2_squat
/home/amolsingh/gcloud/trainer/data/10frames/2_squat/amol_deg90_take1/frame35.jpg,test,2_squat
/home/amolsingh/gcloud/trainer/data/10frames/2_squat/amol_deg90_take1/frame59.jpg,test,2_squat
/home/amolsingh/gcloud/trainer/data/10frames/2_squat/amol_deg90_take1/frame65.jpg,test,2_squat
/home/amolsingh/gcloud/trainer/data/10frames/2_squat/amol_deg90_take1/frame39.jpg,test,2_squat
/home/amolsingh/gcloud/trainer/data/10frames/2_squat/amol_deg90_take1/frame69.jpg,test,2_squat
/home/amolsingh/gcloud/trainer/data/10frames/2_squat/amol_deg90_take1/frame61.jpg,test,2_squat
/home/amolsingh/gcloud/trainer/data/10frames/2_squat/lance_deg90_take1/frame165.jpg,train,2_squat
/home/amolsingh/gcloud/trainer/data/10frames/2_squat/lance_deg90_take1/frame26.jpg,train,2_squat
/home/amolsingh/gcloud/trainer/data/10frames/2_squat/lance_deg90_take1/frame86.jpg,train,2_squat
/home/amolsingh/gcloud/trainer/data/10frames/2_squat/lance_deg90_take1/frame203.jpg,train,2_squat
/home/amolsingh/gcloud/trainer/data/10frames/2_squat/lance_deg90_take1/frame226.jpg,train,2_squat
/home/amolsingh/gcloud/trainer/data/10frames/2_squat/lance_deg90_take1/frame83.jpg,train,2_squat
/home/amolsingh/gcloud/trainer/data/10frames/2_squat/lance_deg90_take1/frame132.jpg,train,2_squat
/home/amolsingh/gcloud/trainer/data/10frames/2_squat/lance_deg90_take1/frame168.jpg,train,2_squat
/home/amolsingh/gcloud/trainer/data/10frames/2_squat/lance_deg90_take1/frame9.jpg,train,2_squat
/home/amolsingh/gcloud/trainer/data/10frames/2_squat/lance_deg90_take1/frame117.jpg,train,2_squat
/home/amolsingh/gcloud/trainer/data/10frames/5_lockout/amol_deg135_take2/frame39.jpg,train,5_lockout
/home/amolsingh/gcloud/trainer/data/10frames/5_lockout/amol_deg135_take2/frame107.jpg,train,5_lockout
/home/amolsingh/gcloud/trainer/data/10frames/5_lockout/amol_deg135_take2/frame50.jpg,train,5_lockout
/home/amolsingh/gcloud/trainer/data/10frames/5_lockout/amol_deg135_take2/frame87.jpg,train,5_lockout
/home/amolsingh/gcloud/trainer/data/10frames/5_lockout/amol_deg135_take2/frame42.jpg,train,5_lockout
/home/amolsingh/gcloud/trainer/data/10frames/5_lockout/amol_deg135_take2/frame96.jpg,train,5_lockout
/home/amolsingh/gcloud/trainer/data/10frames/5_lockout/amol_deg135_take2/frame89.jpg,train,5_lockout
/home/amolsingh/gcloud/trainer/data/10frames/5_lockout/amol_deg135_take2/frame60.jpg,train,5_lockout
/home/amolsingh/gcloud/trainer/data/10frames/5_lockout/amol_deg135_take2/frame86.jpg,train,5_lockout
/home/amolsingh/gcloud/trainer/data/10frames/5_lockout/amol_deg135_take2/frame41.jpg,train,5_lockout
/home/amolsingh/gcloud/trainer/data/10frames/5_lockout/lyron_deg90_take1/frame33.jpg,train,5_lockout
/home/amolsingh/gcloud/trainer/data/10frames/5_lockout/lyron_deg90_take1/frame1.jpg,train,5_lockout
/home/amolsingh/gcloud/trainer/data/10frames/5_lockout/lyron_deg90_take1/frame210.jpg,train,5_lockout
/home/amolsingh/gcloud/trainer/data/10frames/5_lockout/lyron_deg90_take1/frame213.jpg,train,5_lockout
/home/amolsingh/gcloud/trainer/data/10frames/5_lockout/lyron_deg90_take1/frame168.jpg,train,5_lockout
/home/amolsingh/gcloud/trainer/data/10frames/5_lockout/lyron_deg90_take1/frame188.jpg,train,5_lockout
/home/amolsingh/gcloud/trainer/data/10frames/5_lockout/lyron_deg90_take1/frame18.jpg,train,5_lockout
/home/amolsingh/gcloud/trainer/data/10frames/5_lockout/lyron_deg90_take1/frame103.jpg,train,5_lockout
/home/amolsingh/gcloud/trainer/data/10frames/5_lockout/lyron_deg90_take1/frame251.jpg,train,5_lockout
/home/amolsingh/gcloud/trainer/data/10frames/5_lockout/lyron_deg90_take1/frame215.jpg,train,5_lockout
/home/amolsingh/gcloud/trainer/data/10frames/5_lockout/amol_deg45_take1/frame57.jpg,train,5_lockout
/home/amolsingh/gcloud/trainer/data/10frames/5_lockout/amol_deg45_take1/frame17.jpg,train,5_lockout
/home/amolsingh/gcloud/trainer/data/10frames/5_lockout/amol_deg45_take1/frame106.jpg,train,5_lockout
/home/amolsingh/gcloud/trainer/data/10frames/5_lockout/amol_deg45_take1/frame9.jpg,train,5_lockout
/home/amolsingh/gcloud/trainer/data/10frames/5_lockout/amol_deg45_take1/frame49.jpg,train,5_lockout
/home/amolsingh/gcloud/trainer/data/10frames/5_lockout/amol_deg45_take1/frame33.jpg,train,5_lockout
/home/amolsingh/gcloud/trainer/data/10frames/5_lockout/amol_deg45_take1/frame90.jpg,train,5_lockout
/home/amolsingh/gcloud/trainer/data/10frames/5_lockout/amol_deg45_take1/frame94.jpg,train,5_lockout
/home/amolsingh/gcloud/trainer/data/10frames/5_lockout/amol_deg45_take1/frame20.jpg,train,5_lockout
/home/amolsingh/gcloud/trainer/data/10frames/5_lockout/amol_deg45_take1/frame31.jpg,train,5_lockout
/home/amolsingh/gcloud/trainer/data/10frames/5_lockout/lance_deg135_take2/frame122.jpg,train,5_lockout
/home/amolsingh/gcloud/trainer/data/10frames/5_lockout/lance_deg135_take2/frame96.jpg,train,5_lockout
/home/amolsingh/gcloud/trainer/data/10frames/5_lockout/lance_deg135_take2/frame197.jpg,train,5_lockout
/home/amolsingh/gcloud/trainer/data/10frames/5_lockout/lance_deg135_take2/frame10.jpg,train,5_lockout
/home/amolsingh/gcloud/trainer/data/10frames/5_lockout/lance_deg135_take2/frame139.jpg,train,5_lockout
/home/amolsingh/gcloud/trainer/data/10frames/5_lockout/lance_deg135_take2/frame20.jpg,train,5_lockout
/home/amolsingh/gcloud/trainer/data/10frames/5_lockout/lance_deg135_take2/frame133.jpg,train,5_lockout
/home/amolsingh/gcloud/trainer/data/10frames/5_lockout/lance_deg135_take2/frame69.jpg,train,5_lockout
/home/amolsingh/gcloud/trainer/data/10frames/5_lockout/lance_deg135_take2/frame253.jpg,train,5_lockout
/home/amolsingh/gcloud/trainer/data/10frames/5_lockout/lance_deg135_take2/frame174.jpg,train,5_lockout
/home/amolsingh/gcloud/trainer/data/10frames/5_lockout/lyron_deg90_take2/frame130.jpg,train,5_lockout
/home/amolsingh/gcloud/trainer/data/10frames/5_lockout/lyron_deg90_take2/frame133.jpg,train,5_lockout
/home/amolsingh/gcloud/trainer/data/10frames/5_lockout/lyron_deg90_take2/frame56.jpg,train,5_lockout
/home/amolsingh/gcloud/trainer/data/10frames/5_lockout/lyron_deg90_take2/frame24.jpg,train,5_lockout
/home/amolsingh/gcloud/trainer/data/10frames/5_lockout/lyron_deg90_take2/frame27.jpg,train,5_lockout
/home/amolsingh/gcloud/trainer/data/10frames/5_lockout/lyron_deg90_take2/frame106.jpg,train,5_lockout
/home/amolsingh/gcloud/trainer/data/10frames/5_lockout/lyron_deg90_take2/frame220.jpg,train,5_lockout
/home/amolsingh/gcloud/trainer/data/10frames/5_lockout/lyron_deg90_take2/frame251.jpg,train,5_lockout
/home/amolsingh/gcloud/trainer/data/10frames/5_lockout/lyron_deg90_take2/frame59.jpg,train,5_lockout
/home/amolsingh/gcloud/trainer/data/10frames/5_lockout/lyron_deg90_take2/frame166.jpg,train,5_lockout
/home/amolsingh/gcloud/trainer/data/10frames/5_lockout/amol_deg135_take1/frame23.jpg,train,5_lockout
/home/amolsingh/gcloud/trainer/data/10frames/5_lockout/amol_deg135_take1/frame55.jpg,train,5_lockout
/home/amolsingh/gcloud/trainer/data/10frames/5_lockout/amol_deg135_take1/frame35.jpg,train,5_lockout
/home/amolsingh/gcloud/trainer/data/10frames/5_lockout/amol_deg135_take1/frame49.jpg,train,5_lockout
/home/amolsingh/gcloud/trainer/data/10frames/5_lockout/amol_deg135_take1/frame91.jpg,train,5_lockout
/home/amolsingh/gcloud/trainer/data/10frames/5_lockout/amol_deg135_take1/frame3.jpg,train,5_lockout
/home/amolsingh/gcloud/trainer/data/10frames/5_lockout/amol_deg135_take1/frame87.jpg,train,5_lockout
/home/amolsingh/gcloud/trainer/data/10frames/5_lockout/amol_deg135_take1/frame20.jpg,train,5_lockout
/home/amolsingh/gcloud/trainer/data/10frames/5_lockout/amol_deg135_take1/frame107.jpg,train,5_lockout
/home/amolsingh/gcloud/trainer/data/10frames/5_lockout/amol_deg135_take1/frame83.jpg,train,5_lockout
/home/amolsingh/gcloud/trainer/data/10frames/5_lockout/lance_deg45_take1/frame253.jpg,train,5_lockout
/home/amolsingh/gcloud/trainer/data/10frames/5_lockout/lance_deg45_take1/frame320.jpg,train,5_lockout
/home/amolsingh/gcloud/trainer/data/10frames/5_lockout/lance_deg45_take1/frame333.jpg,train,5_lockout
/home/amolsingh/gcloud/trainer/data/10frames/5_lockout/lance_deg45_take1/frame38.jpg,train,5_lockout
/home/amolsingh/gcloud/trainer/data/10frames/5_lockout/lance_deg45_take1/frame155.jpg,train,5_lockout
/home/amolsingh/gcloud/trainer/data/10frames/5_lockout/lance_deg45_take1/frame114.jpg,train,5_lockout
/home/amolsingh/gcloud/trainer/data/10frames/5_lockout/lance_deg45_take1/frame127.jpg,train,5_lockout
/home/amolsingh/gcloud/trainer/data/10frames/5_lockout/lance_deg45_take1/frame151.jpg,train,5_lockout
/home/amolsingh/gcloud/trainer/data/10frames/5_lockout/lance_deg45_take1/frame309.jpg,train,5_lockout
/home/amolsingh/gcloud/trainer/data/10frames/5_lockout/lance_deg45_take1/frame170.jpg,train,5_lockout
/home/amolsingh/gcloud/trainer/data/10frames/5_lockout/lance_deg135_take1/frame57.jpg,train,5_lockout
/home/amolsingh/gcloud/trainer/data/10frames/5_lockout/lance_deg135_take1/frame78.jpg,train,5_lockout
/home/amolsingh/gcloud/trainer/data/10frames/5_lockout/lance_deg135_take1/frame26.jpg,train,5_lockout
/home/amolsingh/gcloud/trainer/data/10frames/5_lockout/lance_deg135_take1/frame265.jpg,train,5_lockout
/home/amolsingh/gcloud/trainer/data/10frames/5_lockout/lance_deg135_take1/frame271.jpg,train,5_lockout
/home/amolsingh/gcloud/trainer/data/10frames/5_lockout/lance_deg135_take1/frame147.jpg,train,5_lockout
/home/amolsingh/gcloud/trainer/data/10frames/5_lockout/lance_deg135_take1/frame157.jpg,train,5_lockout
/home/amolsingh/gcloud/trainer/data/10frames/5_lockout/lance_deg135_take1/frame260.jpg,train,5_lockout
/home/amolsingh/gcloud/trainer/data/10frames/5_lockout/lance_deg135_take1/frame46.jpg,train,5_lockout
/home/amolsingh/gcloud/trainer/data/10frames/5_lockout/lance_deg135_take1/frame126.jpg,train,5_lockout
/home/amolsingh/gcloud/trainer/data/10frames/5_lockout/lyron_deg45_take2/frame277.jpg,train,5_lockout
/home/amolsingh/gcloud/trainer/data/10frames/5_lockout/lyron_deg45_take2/frame38.jpg,train,5_lockout
/home/amolsingh/gcloud/trainer/data/10frames/5_lockout/lyron_deg45_take2/frame282.jpg,train,5_lockout
/home/amolsingh/gcloud/trainer/data/10frames/5_lockout/lyron_deg45_take2/frame256.jpg,train,5_lockout
/home/amolsingh/gcloud/trainer/data/10frames/5_lockout/lyron_deg45_take2/frame280.jpg,train,5_lockout
/home/amolsingh/gcloud/trainer/data/10frames/5_lockout/lyron_deg45_take2/frame109.jpg,train,5_lockout
/home/amolsingh/gcloud/trainer/data/10frames/5_lockout/lyron_deg45_take2/frame208.jpg,train,5_lockout
/home/amolsingh/gcloud/trainer/data/10frames/5_lockout/lyron_deg45_take2/frame166.jpg,train,5_lockout
/home/amolsingh/gcloud/trainer/data/10frames/5_lockout/lyron_deg45_take2/frame199.jpg,train,5_lockout
/home/amolsingh/gcloud/trainer/data/10frames/5_lockout/lyron_deg45_take2/frame63.jpg,train,5_lockout
/home/amolsingh/gcloud/trainer/data/10frames/5_lockout/lyron_deg135_take1/frame62.jpg,train,5_lockout
/home/amolsingh/gcloud/trainer/data/10frames/5_lockout/lyron_deg135_take1/frame2.jpg,train,5_lockout
/home/amolsingh/gcloud/trainer/data/10frames/5_lockout/lyron_deg135_take1/frame16.jpg,train,5_lockout
/home/amolsingh/gcloud/trainer/data/10frames/5_lockout/lyron_deg135_take1/frame80.jpg,train,5_lockout
/home/amolsingh/gcloud/trainer/data/10frames/5_lockout/lyron_deg135_take1/frame225.jpg,train,5_lockout
/home/amolsingh/gcloud/trainer/data/10frames/5_lockout/lyron_deg135_take1/frame189.jpg,train,5_lockout
/home/amolsingh/gcloud/trainer/data/10frames/5_lockout/lyron_deg135_take1/frame251.jpg,train,5_lockout
/home/amolsingh/gcloud/trainer/data/10frames/5_lockout/lyron_deg135_take1/frame115.jpg,train,5_lockout
/home/amolsingh/gcloud/trainer/data/10frames/5_lockout/lyron_deg135_take1/frame60.jpg,train,5_lockout
/home/amolsingh/gcloud/trainer/data/10frames/5_lockout/lyron_deg135_take1/frame17.jpg,train,5_lockout
/home/amolsingh/gcloud/trainer/data/10frames/5_lockout/lyron_deg135_take2/frame46.jpg,train,5_lockout
/home/amolsingh/gcloud/trainer/data/10frames/5_lockout/lyron_deg135_take2/frame203.jpg,train,5_lockout
/home/amolsingh/gcloud/trainer/data/10frames/5_lockout/lyron_deg135_take2/frame207.jpg,train,5_lockout
/home/amolsingh/gcloud/trainer/data/10frames/5_lockout/lyron_deg135_take2/frame101.jpg,train,5_lockout
/home/amolsingh/gcloud/trainer/data/10frames/5_lockout/lyron_deg135_take2/frame63.jpg,train,5_lockout
/home/amolsingh/gcloud/trainer/data/10frames/5_lockout/lyron_deg135_take2/frame198.jpg,train,5_lockout
/home/amolsingh/gcloud/trainer/data/10frames/5_lockout/lyron_deg135_take2/frame188.jpg,train,5_lockout
/home/amolsingh/gcloud/trainer/data/10frames/5_lockout/lyron_deg135_take2/frame178.jpg,train,5_lockout
/home/amolsingh/gcloud/trainer/data/10frames/5_lockout/lyron_deg135_take2/frame221.jpg,train,5_lockout
/home/amolsingh/gcloud/trainer/data/10frames/5_lockout/lyron_deg135_take2/frame124.jpg,train,5_lockout
/home/amolsingh/gcloud/trainer/data/10frames/5_lockout/amol_deg45_take2/frame109.jpg,val,5_lockout
/home/amolsingh/gcloud/trainer/data/10frames/5_lockout/amol_deg45_take2/frame113.jpg,val,5_lockout
/home/amolsingh/gcloud/trainer/data/10frames/5_lockout/amol_deg45_take2/frame53.jpg,val,5_lockout
/home/amolsingh/gcloud/trainer/data/10frames/5_lockout/amol_deg45_take2/frame77.jpg,val,5_lockout
/home/amolsingh/gcloud/trainer/data/10frames/5_lockout/amol_deg45_take2/frame81.jpg,val,5_lockout
/home/amolsingh/gcloud/trainer/data/10frames/5_lockout/amol_deg45_take2/frame104.jpg,val,5_lockout
/home/amolsingh/gcloud/trainer/data/10frames/5_lockout/amol_deg45_take2/frame101.jpg,val,5_lockout
/home/amolsingh/gcloud/trainer/data/10frames/5_lockout/amol_deg45_take2/frame51.jpg,val,5_lockout
/home/amolsingh/gcloud/trainer/data/10frames/5_lockout/amol_deg45_take2/frame49.jpg,val,5_lockout
/home/amolsingh/gcloud/trainer/data/10frames/5_lockout/amol_deg45_take2/frame2.jpg,val,5_lockout
/home/amolsingh/gcloud/trainer/data/10frames/5_lockout/lyron_deg45_take1/frame184.jpg,val,5_lockout
/home/amolsingh/gcloud/trainer/data/10frames/5_lockout/lyron_deg45_take1/frame213.jpg,val,5_lockout
/home/amolsingh/gcloud/trainer/data/10frames/5_lockout/lyron_deg45_take1/frame26.jpg,val,5_lockout
/home/amolsingh/gcloud/trainer/data/10frames/5_lockout/lyron_deg45_take1/frame83.jpg,val,5_lockout
/home/amolsingh/gcloud/trainer/data/10frames/5_lockout/lyron_deg45_take1/frame238.jpg,val,5_lockout
/home/amolsingh/gcloud/trainer/data/10frames/5_lockout/lyron_deg45_take1/frame81.jpg,val,5_lockout
/home/amolsingh/gcloud/trainer/data/10frames/5_lockout/lyron_deg45_take1/frame167.jpg,val,5_lockout
/home/amolsingh/gcloud/trainer/data/10frames/5_lockout/lyron_deg45_take1/frame175.jpg,val,5_lockout
/home/amolsingh/gcloud/trainer/data/10frames/5_lockout/lyron_deg45_take1/frame100.jpg,val,5_lockout
/home/amolsingh/gcloud/trainer/data/10frames/5_lockout/lyron_deg45_take1/frame97.jpg,val,5_lockout
/home/amolsingh/gcloud/trainer/data/10frames/5_lockout/lance_deg45_take2/frame217.jpg,test,5_lockout
/home/amolsingh/gcloud/trainer/data/10frames/5_lockout/lance_deg45_take2/frame107.jpg,test,5_lockout
/home/amolsingh/gcloud/trainer/data/10frames/5_lockout/lance_deg45_take2/frame137.jpg,test,5_lockout
/home/amolsingh/gcloud/trainer/data/10frames/5_lockout/lance_deg45_take2/frame77.jpg,test,5_lockout
/home/amolsingh/gcloud/trainer/data/10frames/5_lockout/lance_deg45_take2/frame205.jpg,test,5_lockout
/home/amolsingh/gcloud/trainer/data/10frames/5_lockout/lance_deg45_take2/frame113.jpg,test,5_lockout
/home/amolsingh/gcloud/trainer/data/10frames/5_lockout/lance_deg45_take2/frame75.jpg,test,5_lockout
/home/amolsingh/gcloud/trainer/data/10frames/5_lockout/lance_deg45_take2/frame145.jpg,test,5_lockout
/home/amolsingh/gcloud/trainer/data/10frames/5_lockout/lance_deg45_take2/frame36.jpg,test,5_lockout
/home/amolsingh/gcloud/trainer/data/10frames/5_lockout/lance_deg45_take2/frame49.jpg,test,5_lockout
/home/amolsingh/gcloud/trainer/data/10frames/5_lockout/amol_deg90_take2/frame57.jpg,test,5_lockout
/home/amolsingh/gcloud/trainer/data/10frames/5_lockout/amol_deg90_take2/frame41.jpg,test,5_lockout
/home/amolsingh/gcloud/trainer/data/10frames/5_lockout/amol_deg90_take2/frame72.jpg,test,5_lockout
/home/amolsingh/gcloud/trainer/data/10frames/5_lockout/amol_deg90_take2/frame37.jpg,test,5_lockout
/home/amolsingh/gcloud/trainer/data/10frames/5_lockout/amol_deg90_take2/frame38.jpg,test,5_lockout
/home/amolsingh/gcloud/trainer/data/10frames/5_lockout/amol_deg90_take2/frame32.jpg,test,5_lockout
/home/amolsingh/gcloud/trainer/data/10frames/5_lockout/amol_deg90_take2/frame22.jpg,test,5_lockout
/home/amolsingh/gcloud/trainer/data/10frames/5_lockout/amol_deg90_take2/frame40.jpg,test,5_lockout
/home/amolsingh/gcloud/trainer/data/10frames/5_lockout/amol_deg90_take2/frame58.jpg,test,5_lockout
/home/amolsingh/gcloud/trainer/data/10frames/5_lockout/amol_deg90_take2/frame54.jpg,test,5_lockout
/home/amolsingh/gcloud/trainer/data/10frames/5_lockout/amol_deg90_take1/frame87.jpg,test,5_lockout
/home/amolsingh/gcloud/trainer/data/10frames/5_lockout/amol_deg90_take1/frame14.jpg,test,5_lockout
/home/amolsingh/gcloud/trainer/data/10frames/5_lockout/amol_deg90_take1/frame63.jpg,test,5_lockout
/home/amolsingh/gcloud/trainer/data/10frames/5_lockout/amol_deg90_take1/frame101.jpg,test,5_lockout
/home/amolsingh/gcloud/trainer/data/10frames/5_lockout/amol_deg90_take1/frame69.jpg,test,5_lockout
/home/amolsingh/gcloud/trainer/data/10frames/5_lockout/amol_deg90_take1/frame92.jpg,test,5_lockout
/home/amolsingh/gcloud/trainer/data/10frames/5_lockout/amol_deg90_take1/frame73.jpg,test,5_lockout
/home/amolsingh/gcloud/trainer/data/10frames/5_lockout/amol_deg90_take1/frame77.jpg,test,5_lockout
/home/amolsingh/gcloud/trainer/data/10frames/5_lockout/amol_deg90_take1/frame85.jpg,test,5_lockout
/home/amolsingh/gcloud/trainer/data/10frames/5_lockout/amol_deg90_take1/frame75.jpg,test,5_lockout
/home/amolsingh/gcloud/trainer/data/10frames/5_lockout/lance_deg90_take1/frame220.jpg,test,5_lockout
/home/amolsingh/gcloud/trainer/data/10frames/5_lockout/lance_deg90_take1/frame158.jpg,test,5_lockout
/home/amolsingh/gcloud/trainer/data/10frames/5_lockout/lance_deg90_take1/frame246.jpg,test,5_lockout
/home/amolsingh/gcloud/trainer/data/10frames/5_lockout/lance_deg90_take1/frame256.jpg,test,5_lockout
/home/amolsingh/gcloud/trainer/data/10frames/5_lockout/lance_deg90_take1/frame271.jpg,test,5_lockout
/home/amolsingh/gcloud/trainer/data/10frames/5_lockout/lance_deg90_take1/frame197.jpg,test,5_lockout
/home/amolsingh/gcloud/trainer/data/10frames/5_lockout/lance_deg90_take1/frame301.jpg,test,5_lockout
/home/amolsingh/gcloud/trainer/data/10frames/5_lockout/lance_deg90_take1/frame133.jpg,test,5_lockout
/home/amolsingh/gcloud/trainer/data/10frames/5_lockout/lance_deg90_take1/frame137.jpg,test,5_lockout
/home/amolsingh/gcloud/trainer/data/10frames/5_lockout/lance_deg90_take1/frame138.jpg,test,5_lockout
/home/amolsingh/gcloud/trainer/data/10frames/4_crooked/amol_deg135_take2/frame53.jpg,train,4_crooked
/home/amolsingh/gcloud/trainer/data/10frames/4_crooked/amol_deg135_take2/frame55.jpg,train,4_crooked
/home/amolsingh/gcloud/trainer/data/10frames/4_crooked/amol_deg135_take2/frame24.jpg,train,4_crooked
/home/amolsingh/gcloud/trainer/data/10frames/4_crooked/amol_deg135_take2/frame106.jpg,train,4_crooked
/home/amolsingh/gcloud/trainer/data/10frames/4_crooked/amol_deg135_take2/frame2.jpg,train,4_crooked
/home/amolsingh/gcloud/trainer/data/10frames/4_crooked/amol_deg135_take2/frame16.jpg,train,4_crooked
/home/amolsingh/gcloud/trainer/data/10frames/4_crooked/amol_deg135_take2/frame79.jpg,train,4_crooked
/home/amolsingh/gcloud/trainer/data/10frames/4_crooked/amol_deg135_take2/frame91.jpg,train,4_crooked
/home/amolsingh/gcloud/trainer/data/10frames/4_crooked/amol_deg135_take2/frame61.jpg,train,4_crooked
/home/amolsingh/gcloud/trainer/data/10frames/4_crooked/amol_deg135_take2/frame8.jpg,train,4_crooked
/home/amolsingh/gcloud/trainer/data/10frames/4_crooked/lance_deg90_take2/frame93.jpg,train,4_crooked
/home/amolsingh/gcloud/trainer/data/10frames/4_crooked/lance_deg90_take2/frame67.jpg,train,4_crooked
/home/amolsingh/gcloud/trainer/data/10frames/4_crooked/lance_deg90_take2/frame142.jpg,train,4_crooked
/home/amolsingh/gcloud/trainer/data/10frames/4_crooked/lance_deg90_take2/frame249.jpg,train,4_crooked
/home/amolsingh/gcloud/trainer/data/10frames/4_crooked/lance_deg90_take2/frame160.jpg,train,4_crooked
/home/amolsingh/gcloud/trainer/data/10frames/4_crooked/lance_deg90_take2/frame253.jpg,train,4_crooked
/home/amolsingh/gcloud/trainer/data/10frames/4_crooked/lance_deg90_take2/frame197.jpg,train,4_crooked
/home/amolsingh/gcloud/trainer/data/10frames/4_crooked/lance_deg90_take2/frame28.jpg,train,4_crooked
/home/amolsingh/gcloud/trainer/data/10frames/4_crooked/lance_deg90_take2/frame99.jpg,train,4_crooked
/home/amolsingh/gcloud/trainer/data/10frames/4_crooked/lance_deg90_take2/frame74.jpg,train,4_crooked
/home/amolsingh/gcloud/trainer/data/10frames/4_crooked/lyron_deg90_take1/frame8.jpg,train,4_crooked
/home/amolsingh/gcloud/trainer/data/10frames/4_crooked/lyron_deg90_take1/frame135.jpg,train,4_crooked
/home/amolsingh/gcloud/trainer/data/10frames/4_crooked/lyron_deg90_take1/frame91.jpg,train,4_crooked
/home/amolsingh/gcloud/trainer/data/10frames/4_crooked/lyron_deg90_take1/frame53.jpg,train,4_crooked
/home/amolsingh/gcloud/trainer/data/10frames/4_crooked/lyron_deg90_take1/frame97.jpg,train,4_crooked
/home/amolsingh/gcloud/trainer/data/10frames/4_crooked/lyron_deg90_take1/frame70.jpg,train,4_crooked
/home/amolsingh/gcloud/trainer/data/10frames/4_crooked/lyron_deg90_take1/frame122.jpg,train,4_crooked
/home/amolsingh/gcloud/trainer/data/10frames/4_crooked/lyron_deg90_take1/frame5.jpg,train,4_crooked
/home/amolsingh/gcloud/trainer/data/10frames/4_crooked/lyron_deg90_take1/frame169.jpg,train,4_crooked
/home/amolsingh/gcloud/trainer/data/10frames/4_crooked/lyron_deg90_take1/frame79.jpg,train,4_crooked
/home/amolsingh/gcloud/trainer/data/10frames/4_crooked/amol_deg45_take1/frame71.jpg,train,4_crooked
/home/amolsingh/gcloud/trainer/data/10frames/4_crooked/amol_deg45_take1/frame5.jpg,train,4_crooked
/home/amolsingh/gcloud/trainer/data/10frames/4_crooked/amol_deg45_take1/frame44.jpg,train,4_crooked
/home/amolsingh/gcloud/trainer/data/10frames/4_crooked/amol_deg45_take1/frame11.jpg,train,4_crooked
/home/amolsingh/gcloud/trainer/data/10frames/4_crooked/amol_deg45_take1/frame29.jpg,train,4_crooked
/home/amolsingh/gcloud/trainer/data/10frames/4_crooked/amol_deg45_take1/frame50.jpg,train,4_crooked
/home/amolsingh/gcloud/trainer/data/10frames/4_crooked/amol_deg45_take1/frame66.jpg,train,4_crooked
/home/amolsingh/gcloud/trainer/data/10frames/4_crooked/amol_deg45_take1/frame6.jpg,train,4_crooked
/home/amolsingh/gcloud/trainer/data/10frames/4_crooked/amol_deg45_take1/frame9.jpg,train,4_crooked
/home/amolsingh/gcloud/trainer/data/10frames/4_crooked/amol_deg45_take1/frame92.jpg,train,4_crooked
/home/amolsingh/gcloud/trainer/data/10frames/4_crooked/lance_deg135_take2/frame100.jpg,train,4_crooked
/home/amolsingh/gcloud/trainer/data/10frames/4_crooked/lance_deg135_take2/frame175.jpg,train,4_crooked
/home/amolsingh/gcloud/trainer/data/10frames/4_crooked/lance_deg135_take2/frame102.jpg,train,4_crooked
/home/amolsingh/gcloud/trainer/data/10frames/4_crooked/lance_deg135_take2/frame165.jpg,train,4_crooked
/home/amolsingh/gcloud/trainer/data/10frames/4_crooked/lance_deg135_take2/frame107.jpg,train,4_crooked
/home/amolsingh/gcloud/trainer/data/10frames/4_crooked/lance_deg135_take2/frame91.jpg,train,4_crooked
/home/amolsingh/gcloud/trainer/data/10frames/4_crooked/lance_deg135_take2/frame52.jpg,train,4_crooked
/home/amolsingh/gcloud/trainer/data/10frames/4_crooked/lance_deg135_take2/frame136.jpg,train,4_crooked
/home/amolsingh/gcloud/trainer/data/10frames/4_crooked/lance_deg135_take2/frame30.jpg,train,4_crooked
/home/amolsingh/gcloud/trainer/data/10frames/4_crooked/lance_deg135_take2/frame138.jpg,train,4_crooked
/home/amolsingh/gcloud/trainer/data/10frames/4_crooked/lyron_deg90_take2/frame38.jpg,train,4_crooked
/home/amolsingh/gcloud/trainer/data/10frames/4_crooked/lyron_deg90_take2/frame212.jpg,train,4_crooked
/home/amolsingh/gcloud/trainer/data/10frames/4_crooked/lyron_deg90_take2/frame156.jpg,train,4_crooked
/home/amolsingh/gcloud/trainer/data/10frames/4_crooked/lyron_deg90_take2/frame109.jpg,train,4_crooked
/home/amolsingh/gcloud/trainer/data/10frames/4_crooked/lyron_deg90_take2/frame88.jpg,train,4_crooked
/home/amolsingh/gcloud/trainer/data/10frames/4_crooked/lyron_deg90_take2/frame123.jpg,train,4_crooked
/home/amolsingh/gcloud/trainer/data/10frames/4_crooked/lyron_deg90_take2/frame10.jpg,train,4_crooked
/home/amolsingh/gcloud/trainer/data/10frames/4_crooked/lyron_deg90_take2/frame26.jpg,train,4_crooked
/home/amolsingh/gcloud/trainer/data/10frames/4_crooked/lyron_deg90_take2/frame8.jpg,train,4_crooked
/home/amolsingh/gcloud/trainer/data/10frames/4_crooked/lyron_deg90_take2/frame42.jpg,train,4_crooked
/home/amolsingh/gcloud/trainer/data/10frames/4_crooked/amol_deg135_take1/frame78.jpg,train,4_crooked
/home/amolsingh/gcloud/trainer/data/10frames/4_crooked/amol_deg135_take1/frame11.jpg,train,4_crooked
/home/amolsingh/gcloud/trainer/data/10frames/4_crooked/amol_deg135_take1/frame7.jpg,train,4_crooked
/home/amolsingh/gcloud/trainer/data/10frames/4_crooked/amol_deg135_take1/frame28.jpg,train,4_crooked
/home/amolsingh/gcloud/trainer/data/10frames/4_crooked/amol_deg135_take1/frame4.jpg,train,4_crooked
/home/amolsingh/gcloud/trainer/data/10frames/4_crooked/amol_deg135_take1/frame62.jpg,train,4_crooked
/home/amolsingh/gcloud/trainer/data/10frames/4_crooked/amol_deg135_take1/frame17.jpg,train,4_crooked
/home/amolsingh/gcloud/trainer/data/10frames/4_crooked/amol_deg135_take1/frame57.jpg,train,4_crooked
/home/amolsingh/gcloud/trainer/data/10frames/4_crooked/amol_deg135_take1/frame47.jpg,train,4_crooked
/home/amolsingh/gcloud/trainer/data/10frames/4_crooked/amol_deg135_take1/frame63.jpg,train,4_crooked
/home/amolsingh/gcloud/trainer/data/10frames/4_crooked/lance_deg45_take1/frame141.jpg,train,4_crooked
/home/amolsingh/gcloud/trainer/data/10frames/4_crooked/lance_deg45_take1/frame0.jpg,train,4_crooked
/home/amolsingh/gcloud/trainer/data/10frames/4_crooked/lance_deg45_take1/frame265.jpg,train,4_crooked
/home/amolsingh/gcloud/trainer/data/10frames/4_crooked/lance_deg45_take1/frame44.jpg,train,4_crooked
/home/amolsingh/gcloud/trainer/data/10frames/4_crooked/lance_deg45_take1/frame54.jpg,train,4_crooked
/home/amolsingh/gcloud/trainer/data/10frames/4_crooked/lance_deg45_take1/frame194.jpg,train,4_crooked
/home/amolsingh/gcloud/trainer/data/10frames/4_crooked/lance_deg45_take1/frame292.jpg,train,4_crooked
/home/amolsingh/gcloud/trainer/data/10frames/4_crooked/lance_deg45_take1/frame235.jpg,train,4_crooked
/home/amolsingh/gcloud/trainer/data/10frames/4_crooked/lance_deg45_take1/frame27.jpg,train,4_crooked
/home/amolsingh/gcloud/trainer/data/10frames/4_crooked/lance_deg45_take1/frame120.jpg,train,4_crooked
/home/amolsingh/gcloud/trainer/data/10frames/4_crooked/lance_deg135_take1/frame72.jpg,train,4_crooked
/home/amolsingh/gcloud/trainer/data/10frames/4_crooked/lance_deg135_take1/frame191.jpg,train,4_crooked
/home/amolsingh/gcloud/trainer/data/10frames/4_crooked/lance_deg135_take1/frame6.jpg,train,4_crooked
/home/amolsingh/gcloud/trainer/data/10frames/4_crooked/lance_deg135_take1/frame239.jpg,train,4_crooked
/home/amolsingh/gcloud/trainer/data/10frames/4_crooked/lance_deg135_take1/frame160.jpg,train,4_crooked
/home/amolsingh/gcloud/trainer/data/10frames/4_crooked/lance_deg135_take1/frame255.jpg,train,4_crooked
/home/amolsingh/gcloud/trainer/data/10frames/4_crooked/lance_deg135_take1/frame84.jpg,train,4_crooked
/home/amolsingh/gcloud/trainer/data/10frames/4_crooked/lance_deg135_take1/frame236.jpg,train,4_crooked
/home/amolsingh/gcloud/trainer/data/10frames/4_crooked/lance_deg135_take1/frame175.jpg,train,4_crooked
/home/amolsingh/gcloud/trainer/data/10frames/4_crooked/lance_deg135_take1/frame9.jpg,train,4_crooked
/home/amolsingh/gcloud/trainer/data/10frames/4_crooked/lyron_deg45_take2/frame127.jpg,train,4_crooked
/home/amolsingh/gcloud/trainer/data/10frames/4_crooked/lyron_deg45_take2/frame134.jpg,train,4_crooked
/home/amolsingh/gcloud/trainer/data/10frames/4_crooked/lyron_deg45_take2/frame161.jpg,train,4_crooked
/home/amolsingh/gcloud/trainer/data/10frames/4_crooked/lyron_deg45_take2/frame71.jpg,train,4_crooked
/home/amolsingh/gcloud/trainer/data/10frames/4_crooked/lyron_deg45_take2/frame164.jpg,train,4_crooked
/home/amolsingh/gcloud/trainer/data/10frames/4_crooked/lyron_deg45_take2/frame63.jpg,train,4_crooked
/home/amolsingh/gcloud/trainer/data/10frames/4_crooked/lyron_deg45_take2/frame19.jpg,train,4_crooked
/home/amolsingh/gcloud/trainer/data/10frames/4_crooked/lyron_deg45_take2/frame165.jpg,train,4_crooked
/home/amolsingh/gcloud/trainer/data/10frames/4_crooked/lyron_deg45_take2/frame74.jpg,train,4_crooked
/home/amolsingh/gcloud/trainer/data/10frames/4_crooked/lyron_deg45_take2/frame5.jpg,train,4_crooked
/home/amolsingh/gcloud/trainer/data/10frames/4_crooked/lyron_deg135_take1/frame158.jpg,train,4_crooked
/home/amolsingh/gcloud/trainer/data/10frames/4_crooked/lyron_deg135_take1/frame167.jpg,train,4_crooked
/home/amolsingh/gcloud/trainer/data/10frames/4_crooked/lyron_deg135_take1/frame157.jpg,train,4_crooked
/home/amolsingh/gcloud/trainer/data/10frames/4_crooked/lyron_deg135_take1/frame108.jpg,train,4_crooked
/home/amolsingh/gcloud/trainer/data/10frames/4_crooked/lyron_deg135_take1/frame2.jpg,train,4_crooked
/home/amolsingh/gcloud/trainer/data/10frames/4_crooked/lyron_deg135_take1/frame53.jpg,train,4_crooked
/home/amolsingh/gcloud/trainer/data/10frames/4_crooked/lyron_deg135_take1/frame31.jpg,train,4_crooked
/home/amolsingh/gcloud/trainer/data/10frames/4_crooked/lyron_deg135_take1/frame56.jpg,train,4_crooked
/home/amolsingh/gcloud/trainer/data/10frames/4_crooked/lyron_deg135_take1/frame13.jpg,train,4_crooked
/home/amolsingh/gcloud/trainer/data/10frames/4_crooked/lyron_deg135_take1/frame187.jpg,train,4_crooked
/home/amolsingh/gcloud/trainer/data/10frames/4_crooked/lyron_deg135_take2/frame150.jpg,train,4_crooked
/home/amolsingh/gcloud/trainer/data/10frames/4_crooked/lyron_deg135_take2/frame39.jpg,train,4_crooked
/home/amolsingh/gcloud/trainer/data/10frames/4_crooked/lyron_deg135_take2/frame140.jpg,train,4_crooked
/home/amolsingh/gcloud/trainer/data/10frames/4_crooked/lyron_deg135_take2/frame25.jpg,train,4_crooked
/home/amolsingh/gcloud/trainer/data/10frames/4_crooked/lyron_deg135_take2/frame121.jpg,train,4_crooked
/home/amolsingh/gcloud/trainer/data/10frames/4_crooked/lyron_deg135_take2/frame166.jpg,train,4_crooked
/home/amolsingh/gcloud/trainer/data/10frames/4_crooked/lyron_deg135_take2/frame17.jpg,train,4_crooked
/home/amolsingh/gcloud/trainer/data/10frames/4_crooked/lyron_deg135_take2/frame132.jpg,train,4_crooked
/home/amolsingh/gcloud/trainer/data/10frames/4_crooked/lyron_deg135_take2/frame143.jpg,train,4_crooked
/home/amolsingh/gcloud/trainer/data/10frames/4_crooked/lyron_deg135_take2/frame135.jpg,train,4_crooked
/home/amolsingh/gcloud/trainer/data/10frames/4_crooked/amol_deg45_take2/frame72.jpg,val,4_crooked
/home/amolsingh/gcloud/trainer/data/10frames/4_crooked/amol_deg45_take2/frame57.jpg,val,4_crooked
/home/amolsingh/gcloud/trainer/data/10frames/4_crooked/amol_deg45_take2/frame20.jpg,val,4_crooked
/home/amolsingh/gcloud/trainer/data/10frames/4_crooked/amol_deg45_take2/frame90.jpg,val,4_crooked
/home/amolsingh/gcloud/trainer/data/10frames/4_crooked/amol_deg45_take2/frame86.jpg,val,4_crooked
/home/amolsingh/gcloud/trainer/data/10frames/4_crooked/amol_deg45_take2/frame24.jpg,val,4_crooked
/home/amolsingh/gcloud/trainer/data/10frames/4_crooked/amol_deg45_take2/frame49.jpg,val,4_crooked
/home/amolsingh/gcloud/trainer/data/10frames/4_crooked/amol_deg45_take2/frame70.jpg,val,4_crooked
/home/amolsingh/gcloud/trainer/data/10frames/4_crooked/amol_deg45_take2/frame88.jpg,val,4_crooked
/home/amolsingh/gcloud/trainer/data/10frames/4_crooked/amol_deg45_take2/frame30.jpg,val,4_crooked
/home/amolsingh/gcloud/trainer/data/10frames/4_crooked/lyron_deg45_take1/frame75.jpg,val,4_crooked
/home/amolsingh/gcloud/trainer/data/10frames/4_crooked/lyron_deg45_take1/frame185.jpg,val,4_crooked
/home/amolsingh/gcloud/trainer/data/10frames/4_crooked/lyron_deg45_take1/frame116.jpg,val,4_crooked
/home/amolsingh/gcloud/trainer/data/10frames/4_crooked/lyron_deg45_take1/frame89.jpg,val,4_crooked
/home/amolsingh/gcloud/trainer/data/10frames/4_crooked/lyron_deg45_take1/frame44.jpg,val,4_crooked
/home/amolsingh/gcloud/trainer/data/10frames/4_crooked/lyron_deg45_take1/frame141.jpg,val,4_crooked
/home/amolsingh/gcloud/trainer/data/10frames/4_crooked/lyron_deg45_take1/frame61.jpg,val,4_crooked
/home/amolsingh/gcloud/trainer/data/10frames/4_crooked/lyron_deg45_take1/frame66.jpg,val,4_crooked
/home/amolsingh/gcloud/trainer/data/10frames/4_crooked/lyron_deg45_take1/frame112.jpg,val,4_crooked
/home/amolsingh/gcloud/trainer/data/10frames/4_crooked/lyron_deg45_take1/frame53.jpg,val,4_crooked
/home/amolsingh/gcloud/trainer/data/10frames/4_crooked/lance_deg45_take2/frame161.jpg,test,4_crooked
/home/amolsingh/gcloud/trainer/data/10frames/4_crooked/lance_deg45_take2/frame139.jpg,test,4_crooked
/home/amolsingh/gcloud/trainer/data/10frames/4_crooked/lance_deg45_take2/frame215.jpg,test,4_crooked
/home/amolsingh/gcloud/trainer/data/10frames/4_crooked/lance_deg45_take2/frame175.jpg,test,4_crooked
/home/amolsingh/gcloud/trainer/data/10frames/4_crooked/lance_deg45_take2/frame170.jpg,test,4_crooked
/home/amolsingh/gcloud/trainer/data/10frames/4_crooked/lance_deg45_take2/frame41.jpg,test,4_crooked
/home/amolsingh/gcloud/trainer/data/10frames/4_crooked/lance_deg45_take2/frame110.jpg,test,4_crooked
/home/amolsingh/gcloud/trainer/data/10frames/4_crooked/lance_deg45_take2/frame7.jpg,test,4_crooked
/home/amolsingh/gcloud/trainer/data/10frames/4_crooked/lance_deg45_take2/frame172.jpg,test,4_crooked
/home/amolsingh/gcloud/trainer/data/10frames/4_crooked/lance_deg45_take2/frame70.jpg,test,4_crooked
/home/amolsingh/gcloud/trainer/data/10frames/4_crooked/amol_deg90_take2/frame102.jpg,test,4_crooked
/home/amolsingh/gcloud/trainer/data/10frames/4_crooked/amol_deg90_take2/frame21.jpg,test,4_crooked
/home/amolsingh/gcloud/trainer/data/10frames/4_crooked/amol_deg90_take2/frame6.jpg,test,4_crooked
/home/amolsingh/gcloud/trainer/data/10frames/4_crooked/amol_deg90_take2/frame47.jpg,test,4_crooked
/home/amolsingh/gcloud/trainer/data/10frames/4_crooked/amol_deg90_take2/frame99.jpg,test,4_crooked
/home/amolsingh/gcloud/trainer/data/10frames/4_crooked/amol_deg90_take2/frame58.jpg,test,4_crooked
/home/amolsingh/gcloud/trainer/data/10frames/4_crooked/amol_deg90_take2/frame43.jpg,test,4_crooked
/home/amolsingh/gcloud/trainer/data/10frames/4_crooked/amol_deg90_take2/frame75.jpg,test,4_crooked
/home/amolsingh/gcloud/trainer/data/10frames/4_crooked/amol_deg90_take2/frame86.jpg,test,4_crooked
/home/amolsingh/gcloud/trainer/data/10frames/4_crooked/amol_deg90_take2/frame9.jpg,test,4_crooked
/home/amolsingh/gcloud/trainer/data/10frames/4_crooked/amol_deg90_take1/frame47.jpg,test,4_crooked
/home/amolsingh/gcloud/trainer/data/10frames/4_crooked/amol_deg90_take1/frame65.jpg,test,4_crooked
/home/amolsingh/gcloud/trainer/data/10frames/4_crooked/amol_deg90_take1/frame83.jpg,test,4_crooked
/home/amolsingh/gcloud/trainer/data/10frames/4_crooked/amol_deg90_take1/frame0.jpg,test,4_crooked
/home/amolsingh/gcloud/trainer/data/10frames/4_crooked/amol_deg90_take1/frame39.jpg,test,4_crooked
/home/amolsingh/gcloud/trainer/data/10frames/4_crooked/amol_deg90_take1/frame70.jpg,test,4_crooked
/home/amolsingh/gcloud/trainer/data/10frames/4_crooked/amol_deg90_take1/frame64.jpg,test,4_crooked
/home/amolsingh/gcloud/trainer/data/10frames/4_crooked/amol_deg90_take1/frame60.jpg,test,4_crooked
/home/amolsingh/gcloud/trainer/data/10frames/4_crooked/amol_deg90_take1/frame71.jpg,test,4_crooked
/home/amolsingh/gcloud/trainer/data/10frames/4_crooked/amol_deg90_take1/frame52.jpg,test,4_crooked
/home/amolsingh/gcloud/trainer/data/10frames/4_crooked/lance_deg90_take1/frame21.jpg,test,4_crooked
/home/amolsingh/gcloud/trainer/data/10frames/4_crooked/lance_deg90_take1/frame210.jpg,test,4_crooked
/home/amolsingh/gcloud/trainer/data/10frames/4_crooked/lance_deg90_take1/frame166.jpg,test,4_crooked
/home/amolsingh/gcloud/trainer/data/10frames/4_crooked/lance_deg90_take1/frame244.jpg,test,4_crooked
/home/amolsingh/gcloud/trainer/data/10frames/4_crooked/lance_deg90_take1/frame49.jpg,test,4_crooked
/home/amolsingh/gcloud/trainer/data/10frames/4_crooked/lance_deg90_take1/frame100.jpg,test,4_crooked
/home/amolsingh/gcloud/trainer/data/10frames/4_crooked/lance_deg90_take1/frame144.jpg,test,4_crooked
/home/amolsingh/gcloud/trainer/data/10frames/4_crooked/lance_deg90_take1/frame157.jpg,test,4_crooked
/home/amolsingh/gcloud/trainer/data/10frames/4_crooked/lance_deg90_take1/frame0.jpg,test,4_crooked
/home/amolsingh/gcloud/trainer/data/10frames/4_crooked/lance_deg90_take1/frame171.jpg,test,4_crooked
/home/amolsingh/gcloud/trainer/data/10frames/1_proper/amol_deg135_take2/frame60.jpg,train,1_proper
/home/amolsingh/gcloud/trainer/data/10frames/1_proper/amol_deg135_take2/frame28.jpg,train,1_proper
/home/amolsingh/gcloud/trainer/data/10frames/1_proper/amol_deg135_take2/frame72.jpg,train,1_proper
/home/amolsingh/gcloud/trainer/data/10frames/1_proper/amol_deg135_take2/frame14.jpg,train,1_proper
/home/amolsingh/gcloud/trainer/data/10frames/1_proper/amol_deg135_take2/frame53.jpg,train,1_proper
/home/amolsingh/gcloud/trainer/data/10frames/1_proper/amol_deg135_take2/frame8.jpg,train,1_proper
/home/amolsingh/gcloud/trainer/data/10frames/1_proper/amol_deg135_take2/frame70.jpg,train,1_proper
/home/amolsingh/gcloud/trainer/data/10frames/1_proper/amol_deg135_take2/frame30.jpg,train,1_proper
/home/amolsingh/gcloud/trainer/data/10frames/1_proper/amol_deg135_take2/frame87.jpg,train,1_proper
/home/amolsingh/gcloud/trainer/data/10frames/1_proper/amol_deg135_take2/frame62.jpg,train,1_proper
/home/amolsingh/gcloud/trainer/data/10frames/1_proper/lance_deg90_take2/frame190.jpg,train,1_proper
/home/amolsingh/gcloud/trainer/data/10frames/1_proper/lance_deg90_take2/frame188.jpg,train,1_proper
/home/amolsingh/gcloud/trainer/data/10frames/1_proper/lance_deg90_take2/frame139.jpg,train,1_proper
/home/amolsingh/gcloud/trainer/data/10frames/1_proper/lance_deg90_take2/frame169.jpg,train,1_proper
/home/amolsingh/gcloud/trainer/data/10frames/1_proper/lance_deg90_take2/frame35.jpg,train,1_proper
/home/amolsingh/gcloud/trainer/data/10frames/1_proper/lance_deg90_take2/frame136.jpg,train,1_proper
/home/amolsingh/gcloud/trainer/data/10frames/1_proper/lance_deg90_take2/frame157.jpg,train,1_proper
/home/amolsingh/gcloud/trainer/data/10frames/1_proper/lance_deg90_take2/frame178.jpg,train,1_proper
/home/amolsingh/gcloud/trainer/data/10frames/1_proper/lance_deg90_take2/frame176.jpg,train,1_proper
/home/amolsingh/gcloud/trainer/data/10frames/1_proper/lance_deg90_take2/frame100.jpg,train,1_proper
/home/amolsingh/gcloud/trainer/data/10frames/1_proper/lyron_deg90_take1/frame5.jpg,train,1_proper
/home/amolsingh/gcloud/trainer/data/10frames/1_proper/lyron_deg90_take1/frame39.jpg,train,1_proper
/home/amolsingh/gcloud/trainer/data/10frames/1_proper/lyron_deg90_take1/frame241.jpg,train,1_proper
/home/amolsingh/gcloud/trainer/data/10frames/1_proper/lyron_deg90_take1/frame11.jpg,train,1_proper
/home/amolsingh/gcloud/trainer/data/10frames/1_proper/lyron_deg90_take1/frame132.jpg,train,1_proper
/home/amolsingh/gcloud/trainer/data/10frames/1_proper/lyron_deg90_take1/frame233.jpg,train,1_proper
/home/amolsingh/gcloud/trainer/data/10frames/1_proper/lyron_deg90_take1/frame68.jpg,train,1_proper
/home/amolsingh/gcloud/trainer/data/10frames/1_proper/lyron_deg90_take1/frame14.jpg,train,1_proper
/home/amolsingh/gcloud/trainer/data/10frames/1_proper/lyron_deg90_take1/frame35.jpg,train,1_proper
/home/amolsingh/gcloud/trainer/data/10frames/1_proper/lyron_deg90_take1/frame243.jpg,train,1_proper
/home/amolsingh/gcloud/trainer/data/10frames/1_proper/amol_deg45_take1/frame19.jpg,train,1_proper
/home/amolsingh/gcloud/trainer/data/10frames/1_proper/amol_deg45_take1/frame8.jpg,train,1_proper
/home/amolsingh/gcloud/trainer/data/10frames/1_proper/amol_deg45_take1/frame40.jpg,train,1_proper
/home/amolsingh/gcloud/trainer/data/10frames/1_proper/amol_deg45_take1/frame51.jpg,train,1_proper
/home/amolsingh/gcloud/trainer/data/10frames/1_proper/amol_deg45_take1/frame80.jpg,train,1_proper
/home/amolsingh/gcloud/trainer/data/10frames/1_proper/amol_deg45_take1/frame73.jpg,train,1_proper
/home/amolsingh/gcloud/trainer/data/10frames/1_proper/amol_deg45_take1/frame6.jpg,train,1_proper
/home/amolsingh/gcloud/trainer/data/10frames/1_proper/amol_deg45_take1/frame24.jpg,train,1_proper
/home/amolsingh/gcloud/trainer/data/10frames/1_proper/amol_deg45_take1/frame28.jpg,train,1_proper
/home/amolsingh/gcloud/trainer/data/10frames/1_proper/amol_deg45_take1/frame81.jpg,train,1_proper
/home/amolsingh/gcloud/trainer/data/10frames/1_proper/lance_deg135_take2/frame38.jpg,train,1_proper
/home/amolsingh/gcloud/trainer/data/10frames/1_proper/lance_deg135_take2/frame58.jpg,train,1_proper
/home/amolsingh/gcloud/trainer/data/10frames/1_proper/lance_deg135_take2/frame225.jpg,train,1_proper
/home/amolsingh/gcloud/trainer/data/10frames/1_proper/lance_deg135_take2/frame90.jpg,train,1_proper
/home/amolsingh/gcloud/trainer/data/10frames/1_proper/lance_deg135_take2/frame137.jpg,train,1_proper
/home/amolsingh/gcloud/trainer/data/10frames/1_proper/lance_deg135_take2/frame247.jpg,train,1_proper
/home/amolsingh/gcloud/trainer/data/10frames/1_proper/lance_deg135_take2/frame209.jpg,train,1_proper
/home/amolsingh/gcloud/trainer/data/10frames/1_proper/lance_deg135_take2/frame130.jpg,train,1_proper
/home/amolsingh/gcloud/trainer/data/10frames/1_proper/lance_deg135_take2/frame44.jpg,train,1_proper
/home/amolsingh/gcloud/trainer/data/10frames/1_proper/lance_deg135_take2/frame214.jpg,train,1_proper
/home/amolsingh/gcloud/trainer/data/10frames/1_proper/lyron_deg90_take2/frame59.jpg,train,1_proper
/home/amolsingh/gcloud/trainer/data/10frames/1_proper/lyron_deg90_take2/frame209.jpg,train,1_proper
/home/amolsingh/gcloud/trainer/data/10frames/1_proper/lyron_deg90_take2/frame87.jpg,train,1_proper
/home/amolsingh/gcloud/trainer/data/10frames/1_proper/lyron_deg90_take2/frame138.jpg,train,1_proper
/home/amolsingh/gcloud/trainer/data/10frames/1_proper/lyron_deg90_take2/frame161.jpg,train,1_proper
/home/amolsingh/gcloud/trainer/data/10frames/1_proper/lyron_deg90_take2/frame93.jpg,train,1_proper
/home/amolsingh/gcloud/trainer/data/10frames/1_proper/lyron_deg90_take2/frame213.jpg,train,1_proper
/home/amolsingh/gcloud/trainer/data/10frames/1_proper/lyron_deg90_take2/frame193.jpg,train,1_proper
/home/amolsingh/gcloud/trainer/data/10frames/1_proper/lyron_deg90_take2/frame142.jpg,train,1_proper
/home/amolsingh/gcloud/trainer/data/10frames/1_proper/lyron_deg90_take2/frame1.jpg,train,1_proper
/home/amolsingh/gcloud/trainer/data/10frames/1_proper/amol_deg135_take1/frame59.jpg,train,1_proper
/home/amolsingh/gcloud/trainer/data/10frames/1_proper/amol_deg135_take1/frame93.jpg,train,1_proper
/home/amolsingh/gcloud/trainer/data/10frames/1_proper/amol_deg135_take1/frame50.jpg,train,1_proper
/home/amolsingh/gcloud/trainer/data/10frames/1_proper/amol_deg135_take1/frame95.jpg,train,1_proper
/home/amolsingh/gcloud/trainer/data/10frames/1_proper/amol_deg135_take1/frame85.jpg,train,1_proper
/home/amolsingh/gcloud/trainer/data/10frames/1_proper/amol_deg135_take1/frame103.jpg,train,1_proper
/home/amolsingh/gcloud/trainer/data/10frames/1_proper/amol_deg135_take1/frame21.jpg,train,1_proper
/home/amolsingh/gcloud/trainer/data/10frames/1_proper/amol_deg135_take1/frame6.jpg,train,1_proper
/home/amolsingh/gcloud/trainer/data/10frames/1_proper/amol_deg135_take1/frame28.jpg,train,1_proper
/home/amolsingh/gcloud/trainer/data/10frames/1_proper/amol_deg135_take1/frame40.jpg,train,1_proper
/home/amolsingh/gcloud/trainer/data/10frames/1_proper/lance_deg45_take1/frame104.jpg,train,1_proper
/home/amolsingh/gcloud/trainer/data/10frames/1_proper/lance_deg45_take1/frame156.jpg,train,1_proper
/home/amolsingh/gcloud/trainer/data/10frames/1_proper/lance_deg45_take1/frame9.jpg,train,1_proper
/home/amolsingh/gcloud/trainer/data/10frames/1_proper/lance_deg45_take1/frame68.jpg,train,1_proper
/home/amolsingh/gcloud/trainer/data/10frames/1_proper/lance_deg45_take1/frame48.jpg,train,1_proper
/home/amolsingh/gcloud/trainer/data/10frames/1_proper/lance_deg45_take1/frame204.jpg,train,1_proper
/home/amolsingh/gcloud/trainer/data/10frames/1_proper/lance_deg45_take1/frame224.jpg,train,1_proper
/home/amolsingh/gcloud/trainer/data/10frames/1_proper/lance_deg45_take1/frame181.jpg,train,1_proper
/home/amolsingh/gcloud/trainer/data/10frames/1_proper/lance_deg45_take1/frame193.jpg,train,1_proper
/home/amolsingh/gcloud/trainer/data/10frames/1_proper/lance_deg45_take1/frame65.jpg,train,1_proper
/home/amolsingh/gcloud/trainer/data/10frames/1_proper/lance_deg135_take1/frame228.jpg,train,1_proper
/home/amolsingh/gcloud/trainer/data/10frames/1_proper/lance_deg135_take1/frame13.jpg,train,1_proper
/home/amolsingh/gcloud/trainer/data/10frames/1_proper/lance_deg135_take1/frame127.jpg,train,1_proper
/home/amolsingh/gcloud/trainer/data/10frames/1_proper/lance_deg135_take1/frame158.jpg,train,1_proper
/home/amolsingh/gcloud/trainer/data/10frames/1_proper/lance_deg135_take1/frame133.jpg,train,1_proper
/home/amolsingh/gcloud/trainer/data/10frames/1_proper/lance_deg135_take1/frame254.jpg,train,1_proper
/home/amolsingh/gcloud/trainer/data/10frames/1_proper/lance_deg135_take1/frame103.jpg,train,1_proper
/home/amolsingh/gcloud/trainer/data/10frames/1_proper/lance_deg135_take1/frame169.jpg,train,1_proper
/home/amolsingh/gcloud/trainer/data/10frames/1_proper/lance_deg135_take1/frame253.jpg,train,1_proper
/home/amolsingh/gcloud/trainer/data/10frames/1_proper/lance_deg135_take1/frame120.jpg,train,1_proper
/home/amolsingh/gcloud/trainer/data/10frames/1_proper/lyron_deg45_take2/frame117.jpg,train,1_proper
/home/amolsingh/gcloud/trainer/data/10frames/1_proper/lyron_deg45_take2/frame122.jpg,train,1_proper
/home/amolsingh/gcloud/trainer/data/10frames/1_proper/lyron_deg45_take2/frame82.jpg,train,1_proper
/home/amolsingh/gcloud/trainer/data/10frames/1_proper/lyron_deg45_take2/frame186.jpg,train,1_proper
/home/amolsingh/gcloud/trainer/data/10frames/1_proper/lyron_deg45_take2/frame83.jpg,train,1_proper
/home/amolsingh/gcloud/trainer/data/10frames/1_proper/lyron_deg45_take2/frame54.jpg,train,1_proper
/home/amolsingh/gcloud/trainer/data/10frames/1_proper/lyron_deg45_take2/frame162.jpg,train,1_proper
/home/amolsingh/gcloud/trainer/data/10frames/1_proper/lyron_deg45_take2/frame237.jpg,train,1_proper
/home/amolsingh/gcloud/trainer/data/10frames/1_proper/lyron_deg45_take2/frame233.jpg,train,1_proper
/home/amolsingh/gcloud/trainer/data/10frames/1_proper/lyron_deg45_take2/frame17.jpg,train,1_proper
/home/amolsingh/gcloud/trainer/data/10frames/1_proper/lyron_deg135_take1/frame75.jpg,train,1_proper
/home/amolsingh/gcloud/trainer/data/10frames/1_proper/lyron_deg135_take1/frame128.jpg,train,1_proper
/home/amolsingh/gcloud/trainer/data/10frames/1_proper/lyron_deg135_take1/frame38.jpg,train,1_proper
/home/amolsingh/gcloud/trainer/data/10frames/1_proper/lyron_deg135_take1/frame196.jpg,train,1_proper
/home/amolsingh/gcloud/trainer/data/10frames/1_proper/lyron_deg135_take1/frame150.jpg,train,1_proper
/home/amolsingh/gcloud/trainer/data/10frames/1_proper/lyron_deg135_take1/frame8.jpg,train,1_proper
/home/amolsingh/gcloud/trainer/data/10frames/1_proper/lyron_deg135_take1/frame78.jpg,train,1_proper
/home/amolsingh/gcloud/trainer/data/10frames/1_proper/lyron_deg135_take1/frame22.jpg,train,1_proper
/home/amolsingh/gcloud/trainer/data/10frames/1_proper/lyron_deg135_take1/frame43.jpg,train,1_proper
/home/amolsingh/gcloud/trainer/data/10frames/1_proper/lyron_deg135_take1/frame159.jpg,train,1_proper
/home/amolsingh/gcloud/trainer/data/10frames/1_proper/lyron_deg135_take2/frame158.jpg,train,1_proper
/home/amolsingh/gcloud/trainer/data/10frames/1_proper/lyron_deg135_take2/frame62.jpg,train,1_proper
/home/amolsingh/gcloud/trainer/data/10frames/1_proper/lyron_deg135_take2/frame88.jpg,train,1_proper
/home/amolsingh/gcloud/trainer/data/10frames/1_proper/lyron_deg135_take2/frame29.jpg,train,1_proper
/home/amolsingh/gcloud/trainer/data/10frames/1_proper/lyron_deg135_take2/frame27.jpg,train,1_proper
/home/amolsingh/gcloud/trainer/data/10frames/1_proper/lyron_deg135_take2/frame76.jpg,train,1_proper
/home/amolsingh/gcloud/trainer/data/10frames/1_proper/lyron_deg135_take2/frame66.jpg,train,1_proper
/home/amolsingh/gcloud/trainer/data/10frames/1_proper/lyron_deg135_take2/frame49.jpg,train,1_proper
/home/amolsingh/gcloud/trainer/data/10frames/1_proper/lyron_deg135_take2/frame170.jpg,train,1_proper
/home/amolsingh/gcloud/trainer/data/10frames/1_proper/lyron_deg135_take2/frame136.jpg,train,1_proper
/home/amolsingh/gcloud/trainer/data/10frames/1_proper/amol_deg45_take2/frame47.jpg,val,1_proper
/home/amolsingh/gcloud/trainer/data/10frames/1_proper/amol_deg45_take2/frame20.jpg,val,1_proper
/home/amolsingh/gcloud/trainer/data/10frames/1_proper/amol_deg45_take2/frame15.jpg,val,1_proper
/home/amolsingh/gcloud/trainer/data/10frames/1_proper/amol_deg45_take2/frame87.jpg,val,1_proper
/home/amolsingh/gcloud/trainer/data/10frames/1_proper/amol_deg45_take2/frame8.jpg,val,1_proper
/home/amolsingh/gcloud/trainer/data/10frames/1_proper/amol_deg45_take2/frame17.jpg,val,1_proper
/home/amolsingh/gcloud/trainer/data/10frames/1_proper/amol_deg45_take2/frame12.jpg,val,1_proper
/home/amolsingh/gcloud/trainer/data/10frames/1_proper/amol_deg45_take2/frame6.jpg,val,1_proper
/home/amolsingh/gcloud/trainer/data/10frames/1_proper/amol_deg45_take2/frame4.jpg,val,1_proper
/home/amolsingh/gcloud/trainer/data/10frames/1_proper/amol_deg45_take2/frame64.jpg,val,1_proper
/home/amolsingh/gcloud/trainer/data/10frames/1_proper/lyron_deg45_take1/frame216.jpg,val,1_proper
/home/amolsingh/gcloud/trainer/data/10frames/1_proper/lyron_deg45_take1/frame81.jpg,val,1_proper
/home/amolsingh/gcloud/trainer/data/10frames/1_proper/lyron_deg45_take1/frame151.jpg,val,1_proper
/home/amolsingh/gcloud/trainer/data/10frames/1_proper/lyron_deg45_take1/frame87.jpg,val,1_proper
/home/amolsingh/gcloud/trainer/data/10frames/1_proper/lyron_deg45_take1/frame209.jpg,val,1_proper
/home/amolsingh/gcloud/trainer/data/10frames/1_proper/lyron_deg45_take1/frame200.jpg,val,1_proper
/home/amolsingh/gcloud/trainer/data/10frames/1_proper/lyron_deg45_take1/frame266.jpg,val,1_proper
/home/amolsingh/gcloud/trainer/data/10frames/1_proper/lyron_deg45_take1/frame27.jpg,val,1_proper
/home/amolsingh/gcloud/trainer/data/10frames/1_proper/lyron_deg45_take1/frame168.jpg,val,1_proper
/home/amolsingh/gcloud/trainer/data/10frames/1_proper/lyron_deg45_take1/frame115.jpg,val,1_proper
/home/amolsingh/gcloud/trainer/data/10frames/1_proper/lance_deg45_take2/frame32.jpg,test,1_proper
/home/amolsingh/gcloud/trainer/data/10frames/1_proper/lance_deg45_take2/frame254.jpg,test,1_proper
/home/amolsingh/gcloud/trainer/data/10frames/1_proper/lance_deg45_take2/frame176.jpg,test,1_proper
/home/amolsingh/gcloud/trainer/data/10frames/1_proper/lance_deg45_take2/frame43.jpg,test,1_proper
/home/amolsingh/gcloud/trainer/data/10frames/1_proper/lance_deg45_take2/frame196.jpg,test,1_proper
/home/amolsingh/gcloud/trainer/data/10frames/1_proper/lance_deg45_take2/frame270.jpg,test,1_proper
/home/amolsingh/gcloud/trainer/data/10frames/1_proper/lance_deg45_take2/frame114.jpg,test,1_proper
/home/amolsingh/gcloud/trainer/data/10frames/1_proper/lance_deg45_take2/frame60.jpg,test,1_proper
/home/amolsingh/gcloud/trainer/data/10frames/1_proper/lance_deg45_take2/frame195.jpg,test,1_proper
/home/amolsingh/gcloud/trainer/data/10frames/1_proper/lance_deg45_take2/frame169.jpg,test,1_proper
/home/amolsingh/gcloud/trainer/data/10frames/1_proper/amol_deg90_take2/frame26.jpg,test,1_proper
/home/amolsingh/gcloud/trainer/data/10frames/1_proper/amol_deg90_take2/frame38.jpg,test,1_proper
/home/amolsingh/gcloud/trainer/data/10frames/1_proper/amol_deg90_take2/frame62.jpg,test,1_proper
/home/amolsingh/gcloud/trainer/data/10frames/1_proper/amol_deg90_take2/frame36.jpg,test,1_proper
/home/amolsingh/gcloud/trainer/data/10frames/1_proper/amol_deg90_take2/frame16.jpg,test,1_proper
/home/amolsingh/gcloud/trainer/data/10frames/1_proper/amol_deg90_take2/frame31.jpg,test,1_proper
/home/amolsingh/gcloud/trainer/data/10frames/1_proper/amol_deg90_take2/frame58.jpg,test,1_proper
/home/amolsingh/gcloud/trainer/data/10frames/1_proper/amol_deg90_take2/frame13.jpg,test,1_proper
/home/amolsingh/gcloud/trainer/data/10frames/1_proper/amol_deg90_take2/frame39.jpg,test,1_proper
/home/amolsingh/gcloud/trainer/data/10frames/1_proper/amol_deg90_take2/frame51.jpg,test,1_proper
/home/amolsingh/gcloud/trainer/data/10frames/1_proper/amol_deg90_take1/frame25.jpg,test,1_proper
/home/amolsingh/gcloud/trainer/data/10frames/1_proper/amol_deg90_take1/frame64.jpg,test,1_proper
/home/amolsingh/gcloud/trainer/data/10frames/1_proper/amol_deg90_take1/frame43.jpg,test,1_proper
/home/amolsingh/gcloud/trainer/data/10frames/1_proper/amol_deg90_take1/frame42.jpg,test,1_proper
/home/amolsingh/gcloud/trainer/data/10frames/1_proper/amol_deg90_take1/frame61.jpg,test,1_proper
/home/amolsingh/gcloud/trainer/data/10frames/1_proper/amol_deg90_take1/frame69.jpg,test,1_proper
/home/amolsingh/gcloud/trainer/data/10frames/1_proper/amol_deg90_take1/frame60.jpg,test,1_proper
/home/amolsingh/gcloud/trainer/data/10frames/1_proper/amol_deg90_take1/frame3.jpg,test,1_proper
/home/amolsingh/gcloud/trainer/data/10frames/1_proper/amol_deg90_take1/frame8.jpg,test,1_proper
/home/amolsingh/gcloud/trainer/data/10frames/1_proper/amol_deg90_take1/frame18.jpg,test,1_proper
/home/amolsingh/gcloud/trainer/data/10frames/1_proper/lance_deg90_take1/frame49.jpg,test,1_proper
/home/amolsingh/gcloud/trainer/data/10frames/1_proper/lance_deg90_take1/frame163.jpg,test,1_proper
/home/amolsingh/gcloud/trainer/data/10frames/1_proper/lance_deg90_take1/frame168.jpg,test,1_proper
/home/amolsingh/gcloud/trainer/data/10frames/1_proper/lance_deg90_take1/frame129.jpg,test,1_proper
/home/amolsingh/gcloud/trainer/data/10frames/1_proper/lance_deg90_take1/frame19.jpg,test,1_proper
/home/amolsingh/gcloud/trainer/data/10frames/1_proper/lance_deg90_take1/frame239.jpg,test,1_proper
/home/amolsingh/gcloud/trainer/data/10frames/1_proper/lance_deg90_take1/frame272.jpg,test,1_proper
/home/amolsingh/gcloud/trainer/data/10frames/1_proper/lance_deg90_take1/frame229.jpg,test,1_proper
/home/amolsingh/gcloud/trainer/data/10frames/1_proper/lance_deg90_take1/frame84.jpg,test,1_proper
/home/amolsingh/gcloud/trainer/data/10frames/1_proper/lance_deg90_take1/frame279.jpg,test,1_proper
